Post_ID,Date,Post_Type,Caption_Length,Hashtags,Posting_Hour,Video_Duration_Sec,Likes,Comments,Shares,Saves,Followers,Reach,Impressions,Profile_Visits,Website_Clicks,New_Followers
1,2022-01-01,Reel,252.0,13.0,11,49,260.0,23.0,16.0,15.0,4000,5651,8864,87,11,22
2,2022-01-02,Reel,78.0,8.0,7,61,230.0,24.0,35.0,14.0,4010,6493,10142,100,16,25
3,2022-01-03,Story,171.0,10.0,20,14,155.0,7.0,9.0,21.0,4021,3534,4883,177,51,39
4,2022-01-04,Reel,157.0,16.0,15,35,568.0,57.0,54.0,,4031,7334,12278,334,83,76
5,2022-01-05,Reel,22.0,20.0,18,29,325.0,22.0,57.0,24.0,4042,8213,9960,87,19,9
6,2022-01-06,Story,217.0,5.0,18,6,141.0,8.0,26.0,14.0,4052,2414,3682,44,10,9
7,2022-01-07,Reel,48.0,14.0,22,53,211.0,10.0,31.0,7.0,4063,4374,6989,67,9,20
8,2022-01-08,Story,70.0,5.0,7,12,62.0,3.0,7.0,2.0,4073,1792,2079,56,12,17
9,2022-01-09,Image,32.0,11.0,14,0,184.0,12.0,,18.0,4084,2393,3976,37,4,5
10,2022-01-10,Carousel,76.0,15.0,23,0,225.0,23.0,18.0,12.0,4094,2972,3887,175,30,32
11,2022-01-11,Reel,67.0,16.0,15,37,148.0,15.0,32.0,22.0,4105,4129,6915,140,36,31
12,2022-01-12,Reel,282.0,15.0,21,80,177.0,7.0,15.0,17.0,4115,2930,3459,62,9,10
13,2022-01-13,Reel,250.0,16.0,13,53,596.0,29.0,82.0,82.0,4126,8372,13519,457,103,87
14,2022-01-14,Carousel,48.0,14.0,20,0,131.0,7.0,14.0,8.0,4136,3474,5323,186,51,46
15,2022-01-15,Reel,235.0,11.0,9,18,464.0,20.0,28.0,64.0,4147,6148,9848,62,4,11
16,2022-01-16,Reel,198.0,20.0,6,21,307.0,12.0,31.0,16.0,4157,4732,7975,154,10,34
17,2022-01-17,Image,11.0,11.0,6,0,180.0,13.0,30.0,28.0,4168,3867,5842,208,43,45
18,2022-01-18,Reel,117.0,7.0,20,75,293.0,17.0,39.0,46.0,4178,6287,9957,225,45,68
19,2022-01-19,Image,226.0,16.0,19,0,118.0,3.0,7.0,7.0,4189,2012,2988,56,8,8
20,2022-01-20,Story,142.0,14.0,15,4,20.0,1.0,3.0,1.0,4199,300,456,12,0,3
21,2022-01-21,Reel,212.0,2.0,15,53,171.0,14.0,40.0,5.0,4210,4671,5774,164,14,35
22,2022-01-22,Reel,178.0,0.0,19,73,327.0,18.0,29.0,49.0,4220,8322,12673,368,70,107
23,2022-01-23,Reel,81.0,14.0,16,23,300.0,24.0,23.0,13.0,4231,4663,7019,259,37,65
24,2022-01-24,Image,205.0,11.0,9,0,68.0,2.0,6.0,7.0,4241,1656,2554,20,5,6
25,2022-01-25,Reel,247.0,19.0,23,25,506.0,23.0,51.0,72.0,4252,6309,10124,124,34,24
26,2022-01-26,Story,293.0,20.0,11,8,104.0,,17.0,9.0,4262,2321,3939,138,37,44
27,2022-01-27,Reel,53.0,14.0,8,55,447.0,30.0,79.0,19.0,4273,5283,7406,127,10,22
28,2022-01-28,Reel,292.0,15.0,20,33,509.0,44.0,125.0,57.0,4283,7637,9094,150,38,14
29,2022-01-29,Reel,187.0,10.0,23,48,160.0,6.0,32.0,17.0,4294,2889,3768,83,11,28
30,2022-01-30,Image,11.0,8.0,15,0,221.0,14.0,31.0,9.0,4304,3580,6041,72,6,20
31,2022-01-31,Carousel,145.0,6.0,13,0,341.0,20.0,45.0,11.0,4315,3650,4458,138,11,32
32,2022-02-01,Image,108.0,16.0,18,0,254.0,14.0,61.0,12.0,4325,2711,3255,141,7,22
33,2022-02-02,Image,295.0,19.0,8,0,19.0,1.0,1.0,2.0,4336,300,400,5,0,1
34,2022-02-03,Reel,249.0,17.0,11,29,228.0,15.0,13.0,19.0,4346,4929,8360,66,14,7
35,2022-02-04,Reel,267.0,9.0,17,75,17.0,1.0,2.0,2.0,4357,404,609,9,2,1
36,2022-02-05,Image,148.0,5.0,6,0,333.0,10.0,82.0,39.0,4367,4229,4880,208,60,59
37,2022-02-06,Image,25.0,18.0,13,0,183.0,14.0,29.0,12.0,4378,3799,5620,87,10,15
38,2022-02-07,Reel,65.0,8.0,14,29,383.0,34.0,65.0,17.0,4388,6598,11118,87,11,22
39,2022-02-08,Reel,192.0,16.0,10,64,139.0,12.0,8.0,9.0,4399,3670,4347,99,17,16
40,2022-02-09,Reel,117.0,5.0,23,49,244.0,24.0,43.0,36.0,4409,3540,5741,44,7,11
41,2022-02-10,Story,181.0,0.0,19,9,47.0,4.0,3.0,7.0,4420,951,1395,13,1,3
42,2022-02-11,Reel,120.0,18.0,21,34,662.0,60.0,134.0,22.0,4430,8714,13106,451,81,125
43,2022-02-12,Reel,83.0,11.0,10,54,397.0,17.0,46.0,51.0,4441,7123,11605,362,86,47
44,2022-02-13,Reel,190.0,4.0,23,83,122.0,5.0,9.0,8.0,4451,3441,5694,112,29,12
45,2022-02-14,Reel,280.0,19.0,20,54,393.0,29.0,26.0,46.0,4462,6448,9930,341,66,97
46,2022-02-15,Reel,196.0,11.0,15,56,361.0,15.0,56.0,49.0,4472,5351,7194,185,16,20
47,2022-02-16,Image,78.0,12.0,19,0,185.0,19.0,26.0,11.0,4483,2985,4397,39,11,13
48,2022-02-17,Carousel,167.0,,11,0,396.0,42.0,40.0,12.0,4493,4507,5289,167,24,50
49,2022-02-18,Carousel,252.0,17.0,21,0,240.0,17.0,40.0,22.0,4504,3129,4251,84,14,22
50,2022-02-19,Reel,189.0,2.0,8,43,366.0,11.0,24.0,47.0,4514,7627,9764,253,33,22
51,2022-02-20,Reel,46.0,9.0,11,58,412.0,32.0,54.0,29.0,4525,5535,7155,163,34,37
52,2022-02-21,Story,131.0,8.0,6,8,105.0,3.0,7.0,11.0,4535,2376,2959,63,17,13
53,2022-02-22,Reel,16.0,4.0,13,18,,10.0,6.0,13.0,4546,2421,3826,97,7,25
54,2022-02-23,Reel,200.0,13.0,9,52,136.0,4.0,31.0,11.0,4556,2617,3860,30,5,7
55,2022-02-24,Reel,88.0,11.0,16,5,338.0,24.0,21.0,31.0,4567,5679,8769,185,19,41
56,2022-02-25,Image,226.0,3.0,11,0,15.0,1.0,2.0,1.0,4577,300,383,11,2,2
57,2022-02-26,Story,155.0,7.0,13,4,133.0,4.0,12.0,10.0,4588,1969,2418,65,15,16
58,2022-02-27,Reel,283.0,20.0,11,87,337.0,31.0,67.0,47.0,4598,5221,8176,256,34,41
59,2022-02-28,Reel,182.0,11.0,13,72,177.0,12.0,41.0,11.0,4609,4634,7643,240,41,20
60,2022-03-01,Image,292.0,3.0,6,0,192.0,8.0,28.0,16.0,4619,2927,3944,147,8,40
61,2022-03-02,Image,36.0,5.0,12,0,282.0,24.0,38.0,23.0,4630,3722,6078,212,28,19
62,2022-03-03,Image,202.0,1.0,19,0,232.0,11.0,34.0,24.0,4640,2839,4405,106,5,10
63,2022-03-04,Image,231.0,18.0,9,0,425.0,40.0,57.0,56.0,4651,4742,7250,225,61,50
64,2022-03-05,Reel,95.0,17.0,15,89,326.0,15.0,71.0,16.0,4661,4276,5631,148,8,24
65,2022-03-06,Story,206.0,15.0,8,8,23.0,1.0,5.0,1.0,4672,300,418,14,3,3
66,2022-03-07,Image,240.0,19.0,18,0,170.0,7.0,35.0,22.0,4682,3297,4016,195,53,36
67,2022-03-08,Reel,69.0,14.0,9,33,487.0,41.0,89.0,39.0,4693,6610,9435,377,57,125
68,2022-03-09,Story,191.0,20.0,10,8,110.0,10.0,10.0,,4703,2977,3650,93,5,26
69,2022-03-10,Reel,278.0,3.0,15,18,296.0,28.0,72.0,9.0,4714,6344,8212,86,20,14
70,2022-03-11,Reel,94.0,17.0,11,49,517.0,25.0,92.0,51.0,4724,5526,7183,70,16,9
71,2022-03-12,Image,210.0,10.0,10,0,23.0,1.0,5.0,3.0,4735,300,384,15,2,3
72,2022-03-13,Reel,247.0,2.0,13,68,234.0,19.0,30.0,12.0,4745,4545,7256,90,21,14
73,2022-03-14,Image,226.0,12.0,12,0,153.0,7.0,30.0,12.0,4756,2525,4287,60,14,12
74,2022-03-15,Reel,92.0,3.0,9,55,261.0,27.0,52.0,12.0,4766,4456,6217,223,13,57
75,2022-03-16,Reel,17.0,,7,85,301.0,23.0,65.0,38.0,4777,6170,8858,348,23,110
76,2022-03-17,Carousel,41.0,16.0,16,0,406.0,43.0,93.0,21.0,4787,4369,6503,84,20,20
77,2022-03-18,Reel,227.0,10.0,13,26,277.0,25.0,46.0,33.0,4798,6960,9187,135,25,18
78,2022-03-19,Reel,41.0,4.0,22,82,383.0,30.0,71.0,,4808,4980,6347,274,17,65
79,2022-03-20,Carousel,126.0,9.0,21,0,467.0,33.0,66.0,61.0,4819,7870,12091,149,40,51
80,2022-03-21,Carousel,89.0,8.0,10,0,266.0,27.0,45.0,28.0,4829,4333,6584,179,29,49
81,2022-03-22,Reel,248.0,3.0,12,5,361.0,25.0,47.0,46.0,4840,7182,11558,221,34,36
82,2022-03-23,Carousel,185.0,3.0,8,0,28.0,2.0,6.0,1.0,4850,728,955,14,2,2
83,2022-03-24,Carousel,45.0,15.0,17,0,228.0,23.0,25.0,22.0,4861,5320,8577,159,40,45
84,2022-03-25,Story,128.0,0.0,18,15,33.0,1.0,5.0,3.0,4871,787,1191,31,3,5
85,2022-03-26,Reel,217.0,8.0,11,82,412.0,13.0,69.0,29.0,4882,4585,5808,177,52,61
86,2022-03-27,Reel,104.0,9.0,10,6,51.0,1.0,12.0,8.0,4892,907,1252,13,3,3
87,2022-03-28,Reel,32.0,17.0,11,77,267.0,23.0,53.0,30.0,4903,3081,4448,164,41,34
88,2022-03-29,Carousel,131.0,7.0,6,0,249.0,12.0,36.0,26.0,4913,3064,4849,51,11,16
89,2022-03-30,Carousel,149.0,10.0,11,0,191.0,13.0,32.0,21.0,4924,2630,3323,96,25,9
90,2022-03-31,Reel,234.0,10.0,11,53,90.0,9.0,6.0,5.0,4934,2467,3391,131,20,16
91,2022-04-01,Image,153.0,14.0,18,0,218.0,10.0,28.0,32.0,4945,3804,5144,71,15,7
92,2022-04-02,Story,221.0,3.0,20,3,110.0,8.0,22.0,15.0,4955,2216,3539,57,3,9
93,2022-04-03,Carousel,182.0,12.0,10,0,473.0,41.0,91.0,19.0,4966,6650,11130,89,16,15
94,2022-04-04,Reel,279.0,12.0,15,77,370.0,26.0,91.0,25.0,4976,6840,11118,284,76,94
95,2022-04-05,Image,14.0,7.0,11,0,28.0,2.0,5.0,4.0,4987,300,493,11,0,1
96,2022-04-06,Story,237.0,0.0,14,15,13.0,1.0,2.0,1.0,4997,300,360,17,2,1
97,2022-04-07,Story,73.0,3.0,6,4,91.0,3.0,10.0,8.0,5008,1367,2084,67,7,12
98,2022-04-08,Image,46.0,5.0,12,0,39.0,1.0,3.0,1.0,5019,553,727,20,1,2
99,2022-04-09,Carousel,211.0,0.0,21,0,443.0,23.0,52.0,49.0,5029,4912,6810,222,61,42
100,2022-04-10,Reel,286.0,17.0,7,61,271.0,14.0,47.0,38.0,5040,3361,5389,106,19,20
101,2022-04-11,Story,57.0,7.0,17,11,18.0,1.0,2.0,1.0,5050,300,495,13,0,2
102,2022-04-12,Reel,28.0,11.0,16,66,381.0,33.0,60.0,26.0,5061,4820,7575,167,45,20
103,2022-04-13,Story,197.0,19.0,16,10,118.0,8.0,23.0,15.0,5071,1516,1752,38,11,6
104,2022-04-14,Reel,72.0,10.0,13,17,352.0,12.0,36.0,53.0,5082,7138,9268,112,7,32
105,2022-04-15,Reel,195.0,6.0,17,64,215.0,18.0,49.0,26.0,5092,3483,4204,165,13,52
106,2022-04-16,Image,13.0,16.0,18,0,214.0,20.0,50.0,11.0,5103,2723,4232,47,13,12
107,2022-04-17,Image,272.0,5.0,19,0,229.0,19.0,45.0,9.0,5113,6481,10892,120,7,27
108,2022-04-18,Image,227.0,14.0,6,0,19.0,1.0,4.0,1.0,5124,300,473,10,1,1
109,2022-04-19,Image,280.0,0.0,22,0,119.0,8.0,18.0,17.0,5134,3034,3574,91,9,21
110,2022-04-20,Reel,136.0,3.0,23,77,223.0,20.0,52.0,21.0,5145,5168,7831,100,16,30
111,2022-04-21,Story,210.0,0.0,14,7,97.0,6.0,16.0,10.0,5155,2033,2531,58,8,9
112,2022-04-22,Image,71.0,4.0,8,0,24.0,1.0,1.0,1.0,5166,300,425,8,1,2
113,2022-04-23,Reel,145.0,6.0,10,43,220.0,7.0,18.0,10.0,5176,6247,8625,131,25,13
114,2022-04-24,Carousel,223.0,9.0,11,0,112.0,6.0,22.0,4.0,5187,2840,3761,143,37,40
115,2022-04-25,Story,28.0,2.0,17,9,64.0,6.0,7.0,6.0,5197,1455,2358,19,3,6
116,2022-04-26,Reel,215.0,9.0,7,90,290.0,9.0,51.0,28.0,5208,3290,4559,83,21,8
117,2022-04-27,Reel,,2.0,6,76,196.0,14.0,38.0,22.0,5218,4386,5944,176,21,30
118,2022-04-28,Reel,168.0,8.0,20,69,722.0,37.0,123.0,83.0,5229,10158,16797,115,33,35
119,2022-04-29,Story,150.0,7.0,15,15,49.0,1.0,12.0,5.0,5239,596,991,29,1,6
120,2022-04-30,Image,243.0,,12,0,88.0,5.0,15.0,10.0,5250,2299,3496,40,11,4
121,2022-05-01,Image,37.0,7.0,19,0,129.0,9.0,21.0,11.0,5260,1735,2736,45,4,15
122,2022-05-02,Image,195.0,2.0,10,0,196.0,9.0,33.0,17.0,5271,2158,2719,71,20,8
123,2022-05-03,Reel,155.0,19.0,21,74,421.0,16.0,43.0,26.0,5281,8666,10334,330,52,90
124,2022-05-04,Story,236.0,2.0,15,6,110.0,3.0,23.0,7.0,5292,2317,3289,62,7,12
125,2022-05-05,Carousel,110.0,10.0,18,0,230.0,12.0,29.0,35.0,5302,3429,4068,142,21,39
126,2022-05-06,Carousel,77.0,1.0,9,0,182.0,7.0,13.0,8.0,5313,2771,3523,43,8,8
127,2022-05-07,Reel,172.0,18.0,7,60,329.0,14.0,44.0,39.0,5323,5234,6470,139,41,32
128,2022-05-08,Reel,183.0,17.0,15,27,717.0,60.0,176.0,97.0,5334,8176,11631,425,38,106
129,2022-05-09,Reel,69.0,11.0,20,22,667.0,39.0,158.0,38.0,5344,11265,18736,419,66,99
130,2022-05-10,Story,136.0,19.0,9,8,23.0,1.0,1.0,3.0,5355,300,496,14,3,1
131,2022-05-11,Reel,171.0,2.0,10,77,548.0,46.0,33.0,85.0,5365,6139,9479,229,27,22
132,2022-05-12,Reel,168.0,7.0,15,71,256.0,9.0,36.0,22.0,5376,6630,8809,246,36,75
133,2022-05-13,Carousel,21.0,7.0,15,0,225.0,12.0,49.0,13.0,5386,4526,7076,227,21,74
134,2022-05-14,Carousel,294.0,0.0,17,0,270.0,17.0,23.0,29.0,5397,3648,4403,164,23,18
135,2022-05-15,Image,97.0,15.0,22,0,275.0,25.0,50.0,11.0,5407,3827,5556,61,15,11
136,2022-05-16,Reel,165.0,14.0,18,7,667.0,25.0,141.0,68.0,5418,11592,19575,558,80,69
137,2022-05-17,Image,70.0,1.0,17,0,415.0,34.0,60.0,13.0,5428,5955,8257,337,55,42
138,2022-05-18,Reel,51.0,19.0,20,66,609.0,40.0,144.0,36.0,5439,8859,10251,316,33,57
139,2022-05-19,Reel,154.0,10.0,14,19,311.0,34.0,45.0,27.0,5449,7625,10835,110,14,24
140,2022-05-20,Reel,277.0,13.0,9,59,380.0,12.0,76.0,19.0,5460,5984,9035,246,44,36
141,2022-05-21,Image,180.0,19.0,15,0,182.0,18.0,24.0,9.0,5470,3758,5763,119,31,12
142,2022-05-22,Reel,116.0,8.0,23,9,671.0,55.0,91.0,68.0,5481,8083,12307,206,23,55
143,2022-05-23,Reel,118.0,6.0,23,60,310.0,12.0,38.0,31.0,5491,4624,6902,83,19,27
144,2022-05-24,Reel,93.0,7.0,10,39,254.0,24.0,41.0,23.0,5502,4609,6173,114,26,19
145,2022-05-25,Carousel,269.0,12.0,13,0,209.0,13.0,28.0,29.0,5512,5828,6793,317,60,33
146,2022-05-26,Reel,22.0,20.0,14,85,439.0,33.0,38.0,40.0,5523,5355,8460,280,40,60
147,2022-05-27,Image,151.0,18.0,23,0,186.0,12.0,36.0,28.0,5533,3401,4105,157,21,41
148,2022-05-28,Carousel,239.0,7.0,22,0,220.0,17.0,33.0,14.0,5544,5862,8350,236,39,55
149,2022-05-29,Image,106.0,10.0,7,0,15.0,1.0,2.0,2.0,5554,300,370,6,0,0
150,2022-05-30,Image,298.0,10.0,10,0,327.0,31.0,76.0,49.0,5565,3543,4580,105,23,27
151,2022-05-31,Carousel,148.0,2.0,10,0,91.0,4.0,18.0,14.0,5575,2393,3293,85,7,23
152,2022-06-01,Reel,57.0,14.0,11,51,299.0,30.0,41.0,28.0,5586,3866,5063,95,19,11
153,2022-06-02,Story,161.0,10.0,15,7,274.0,28.0,24.0,26.0,5596,3892,5595,98,13,33
154,2022-06-03,Reel,92.0,16.0,10,75,615.0,62.0,149.0,84.0,5607,7102,8885,263,16,45
155,2022-06-04,Carousel,51.0,2.0,7,0,143.0,9.0,32.0,9.0,5617,2825,3707,37,1,5
156,2022-06-05,Carousel,18.0,19.0,16,0,227.0,14.0,15.0,30.0,5628,2455,3675,47,3,10
157,2022-06-06,Carousel,12.0,16.0,17,0,22.0,1.0,,1.0,5638,300,443,3,0,0
158,2022-06-07,Image,259.0,0.0,20,0,431.0,24.0,66.0,58.0,5649,5878,7393,104,26,11
159,2022-06-08,Story,196.0,17.0,8,15,,2.0,7.0,8.0,5659,1232,1785,24,4,7
160,2022-06-09,Reel,219.0,1.0,6,79,281.0,28.0,28.0,20.0,5670,4755,8014,257,48,42
161,2022-06-10,Reel,35.0,4.0,8,38,133.0,6.0,27.0,15.0,5680,3474,5217,134,37,15
162,2022-06-11,Reel,36.0,7.0,6,77,199.0,6.0,32.0,23.0,5691,5529,8729,169,40,26
163,2022-06-12,Reel,140.0,16.0,11,68,697.0,63.0,129.0,21.0,5701,8532,12605,254,73,57
164,2022-06-13,Story,229.0,2.0,18,6,199.0,14.0,30.0,11.0,5712,2371,3432,41,12,9
165,2022-06-14,Carousel,188.0,13.0,15,0,511.0,39.0,120.0,63.0,5722,6223,8887,304,57,77
166,2022-06-15,Reel,278.0,13.0,8,41,507.0,20.0,90.0,72.0,5733,5349,6686,291,42,41
167,2022-06-16,Carousel,173.0,2.0,20,0,312.0,20.0,39.0,35.0,5743,6029,8029,136,36,45
168,2022-06-17,Reel,183.0,6.0,16,27,334.0,12.0,26.0,24.0,5754,3882,5329,68,11,17
169,2022-06-18,Carousel,183.0,2.0,15,0,448.0,15.0,54.0,57.0,5764,5993,9814,355,75,110
170,2022-06-19,Image,203.0,11.0,10,0,229.0,12.0,53.0,31.0,5775,2547,2977,132,16,15
171,2022-06-20,Reel,32.0,19.0,10,82,91.0,5.0,9.0,12.0,5785,1440,1912,41,6,12
172,2022-06-21,Image,32.0,17.0,21,0,228.0,22.0,31.0,28.0,5796,3855,6392,88,15,24
173,2022-06-22,Story,133.0,20.0,19,8,47.0,2.0,9.0,6.0,5806,670,1127,36,7,11
174,2022-06-23,Reel,269.0,16.0,14,64,677.0,73.0,84.0,46.0,5817,7816,9478,458,37,53
175,2022-06-24,Reel,295.0,6.0,13,11,754.0,73.0,166.0,90.0,5827,10810,14916,391,113,101
176,2022-06-25,Carousel,271.0,8.0,6,0,92.0,4.0,18.0,9.0,5838,1897,2315,109,25,27
177,2022-06-26,Carousel,74.0,11.0,19,0,308.0,15.0,37.0,12.0,5848,4360,6967,236,26,21
178,2022-06-27,Image,128.0,9.0,9,0,236.0,13.0,20.0,26.0,5859,5090,6199,193,19,18
179,2022-06-28,Story,219.0,1.0,20,14,66.0,6.0,14.0,2.0,5869,1191,1980,41,5,4
180,2022-06-29,Reel,299.0,19.0,23,62,403.0,41.0,49.0,12.0,5880,5789,8163,139,31,43
181,2022-06-30,Reel,28.0,11.0,8,61,463.0,44.0,85.0,36.0,5890,5499,7284,100,19,16
182,2022-07-01,Reel,98.0,18.0,14,13,381.0,25.0,80.0,35.0,5901,9635,13680,284,46,68
183,2022-07-02,Reel,142.0,7.0,21,18,616.0,,121.0,83.0,5911,11719,13847,249,55,55
184,2022-07-03,Carousel,278.0,7.0,7,0,239.0,24.0,26.0,9.0,5922,3844,6330,187,29,20
185,2022-07-04,Story,177.0,9.0,13,6,16.0,1.0,3.0,2.0,5932,300,366,11,2,1
186,2022-07-05,Reel,90.0,20.0,10,13,217.0,13.0,16.0,24.0,5943,5726,6835,134,24,16
187,2022-07-06,Reel,274.0,13.0,23,90,407.0,12.0,84.0,19.0,5953,4820,6502,270,37,25
188,2022-07-07,Reel,18.0,14.0,7,32,623.0,67.0,110.0,90.0,5964,7850,10160,409,113,126
189,2022-07-08,Story,189.0,9.0,14,4,17.0,1.0,4.0,1.0,5974,300,442,9,1,1
190,2022-07-09,Image,236.0,13.0,13,0,156.0,10.0,38.0,21.0,5985,4318,6707,131,38,40
191,2022-07-10,Carousel,232.0,16.0,12,0,129.0,11.0,23.0,6.0,5995,3497,4819,195,54,29
192,2022-07-11,Reel,281.0,18.0,6,73,667.0,37.0,80.0,89.0,6006,7860,10551,80,16,24
193,2022-07-12,Reel,150.0,7.0,18,31,445.0,14.0,80.0,37.0,6017,10921,15842,316,87,97
194,2022-07-13,Reel,86.0,4.0,18,85,579.0,20.0,107.0,87.0,6027,9495,14639,406,51,60
195,2022-07-14,Story,189.0,2.0,14,6,187.0,10.0,32.0,13.0,6038,2444,3060,136,18,29
196,2022-07-15,Reel,255.0,3.0,19,82,387.0,41.0,27.0,22.0,6048,9833,14902,255,74,81
197,2022-07-16,Reel,74.0,14.0,8,77,,15.0,77.0,48.0,6059,7256,10371,182,23,34
198,2022-07-17,Reel,249.0,12.0,17,68,392.0,20.0,33.0,52.0,6069,5562,7486,94,24,8
199,2022-07-18,Reel,77.0,7.0,17,52,451.0,40.0,101.0,25.0,6080,6485,8237,323,33,36
200,2022-07-19,Reel,198.0,9.0,18,52,964.0,39.0,120.0,48.0,6090,10993,13152,178,43,15
201,2022-07-20,Reel,40.0,2.0,13,30,799.0,31.0,122.0,112.0,6101,8781,10235,205,48,65
202,2022-07-21,Carousel,201.0,17.0,18,0,544.0,37.0,54.0,32.0,6111,6684,8728,248,47,39
203,2022-07-22,Reel,119.0,5.0,12,63,914.0,70.0,203.0,44.0,6122,10574,12806,156,32,35
204,2022-07-23,Reel,251.0,16.0,20,51,381.0,28.0,72.0,54.0,6132,10245,13553,166,30,33
205,2022-07-24,Reel,19.0,,17,9,227.0,12.0,26.0,23.0,6143,5354,8475,249,43,37
206,2022-07-25,Story,110.0,19.0,23,6,147.0,9.0,36.0,15.0,6153,2799,3268,141,30,31
207,2022-07-26,Carousel,68.0,9.0,11,0,123.0,12.0,16.0,11.0,6164,3400,4789,84,9,11
208,2022-07-27,Reel,71.0,20.0,22,63,279.0,18.0,48.0,13.0,6174,6688,8854,215,11,40
209,2022-07-28,Carousel,54.0,13.0,22,0,231.0,8.0,43.0,10.0,6185,3315,4996,66,18,18
210,2022-07-29,Carousel,214.0,20.0,7,0,300.0,20.0,68.0,31.0,6195,4582,7237,53,15,14
211,2022-07-30,Image,196.0,10.0,13,0,173.0,17.0,10.0,20.0,6206,3783,6209,157,31,43
212,2022-07-31,Image,261.0,14.0,21,0,326.0,18.0,,41.0,6216,6170,9755,222,42,57
213,2022-08-01,Image,190.0,1.0,14,0,81.0,3.0,10.0,6.0,6227,1188,1697,22,5,2
214,2022-08-02,Reel,224.0,12.0,11,28,465.0,37.0,84.0,21.0,6237,6825,8106,80,18,9
215,2022-08-03,Reel,76.0,17.0,7,88,833.0,48.0,110.0,115.0,6248,9372,14450,126,14,26
216,2022-08-04,Reel,135.0,7.0,13,43,474.0,45.0,91.0,41.0,6258,7633,11561,139,20,46
217,2022-08-05,Reel,61.0,5.0,6,8,362.0,30.0,71.0,51.0,6269,6925,9710,298,37,100
218,2022-08-06,Reel,177.0,11.0,10,74,243.0,8.0,28.0,14.0,6279,6168,9194,339,45,98
219,2022-08-07,Reel,242.0,8.0,16,87,840.0,91.0,65.0,33.0,6290,9983,16579,364,65,100
220,2022-08-08,Reel,98.0,5.0,20,90,930.0,36.0,104.0,72.0,6300,12249,17510,284,36,23
221,2022-08-09,Reel,62.0,5.0,18,78,1198.0,116.0,180.0,178.0,6311,12882,16948,735,58,150
222,2022-08-10,Carousel,270.0,10.0,8,0,216.0,7.0,39.0,18.0,6321,4181,6394,190,25,46
223,2022-08-11,Carousel,264.0,20.0,7,0,184.0,10.0,42.0,21.0,6332,2842,3498,115,7,22
224,2022-08-12,Image,258.0,11.0,20,0,224.0,8.0,17.0,24.0,6342,2474,4085,132,16,40
225,2022-08-13,Reel,104.0,4.0,7,54,383.0,13.0,73.0,28.0,6353,7207,11694,106,25,28
226,2022-08-14,Reel,153.0,4.0,22,53,599.0,27.0,136.0,80.0,6363,7903,9231,161,43,20
227,2022-08-15,Reel,40.0,10.0,6,76,369.0,25.0,54.0,38.0,6374,8112,13604,374,19,78
228,2022-08-16,Carousel,14.0,14.0,10,0,350.0,21.0,70.0,22.0,6384,5895,7195,167,29,40
229,2022-08-17,Image,271.0,13.0,13,0,20.0,1.0,1.0,3.0,6395,300,372,9,0,1
230,2022-08-18,Image,228.0,4.0,12,0,183.0,16.0,25.0,9.0,6405,3145,3998,178,19,31
231,2022-08-19,Carousel,229.0,9.0,12,0,295.0,17.0,53.0,35.0,6416,5488,8647,74,20,17
232,2022-08-20,Reel,216.0,6.0,23,55,576.0,38.0,129.0,70.0,6426,6632,10164,319,42,110
233,2022-08-21,Reel,253.0,12.0,16,59,729.0,32.0,158.0,48.0,6437,8730,12916,322,42,77
234,2022-08-22,Image,203.0,13.0,23,0,118.0,8.0,20.0,18.0,6447,2172,3549,114,17,35
235,2022-08-23,Reel,57.0,11.0,22,75,598.0,31.0,108.0,60.0,6458,8460,13167,425,72,48
236,2022-08-24,Image,298.0,7.0,15,0,383.0,20.0,40.0,44.0,6468,5162,8057,293,55,55
237,2022-08-25,Reel,297.0,17.0,12,66,663.0,47.0,163.0,45.0,6479,7765,11723,152,35,28
238,2022-08-26,Reel,101.0,14.0,14,30,424.0,43.0,74.0,51.0,6489,6527,9234,305,84,32
239,2022-08-27,Image,105.0,13.0,23,0,159.0,13.0,28.0,24.0,6500,2968,4659,56,15,15
240,2022-08-28,Image,285.0,3.0,13,0,331.0,28.0,54.0,17.0,6510,6522,9905,177,20,26
241,2022-08-29,Image,136.0,6.0,18,0,164.0,5.0,40.0,26.0,6521,3572,4543,190,35,44
242,2022-08-30,Reel,197.0,17.0,17,30,446.0,20.0,47.0,32.0,6531,7044,11516,378,91,93
243,2022-08-31,Carousel,220.0,20.0,19,0,296.0,12.0,68.0,31.0,6542,8234,12482,461,54,145
244,2022-09-01,Image,157.0,18.0,20,0,375.0,19.0,56.0,11.0,6552,5783,8626,264,54,28
245,2022-09-02,Image,211.0,9.0,15,0,272.0,24.0,28.0,20.0,6563,5098,7289,172,24,18
246,2022-09-03,Reel,213.0,12.0,9,75,267.0,16.0,21.0,18.0,6573,6139,10258,74,18,15
247,2022-09-04,Reel,245.0,4.0,23,66,373.0,38.0,88.0,58.0,6584,5182,7366,174,30,57
248,2022-09-05,Carousel,20.0,11.0,19,0,698.0,33.0,56.0,103.0,6594,8477,12048,210,58,59
249,2022-09-06,Reel,198.0,5.0,9,28,289.0,10.0,26.0,43.0,6605,6644,9610,198,45,60
250,2022-09-07,Story,211.0,15.0,10,11,225.0,15.0,21.0,31.0,6615,2549,3445,101,19,10
251,2022-09-08,Reel,44.0,19.0,19,24,816.0,69.0,170.0,121.0,6626,8657,13040,389,99,51
252,2022-09-09,Reel,156.0,4.0,23,79,529.0,47.0,41.0,45.0,6636,6770,8898,146,14,26
253,2022-09-10,Image,50.0,14.0,11,0,120.0,12.0,26.0,16.0,6647,2116,3299,59,16,8
254,2022-09-11,Carousel,257.0,10.0,13,0,627.0,61.0,150.0,50.0,6657,8443,10791,298,83,102
255,2022-09-12,Carousel,248.0,2.0,10,0,269.0,14.0,17.0,25.0,6668,4816,8169,142,31,32
256,2022-09-13,Reel,216.0,4.0,8,9,246.0,22.0,34.0,37.0,6678,4345,6307,120,23,29
257,2022-09-14,Reel,81.0,17.0,11,24,775.0,38.0,131.0,40.0,6689,9415,13136,518,100,151
258,2022-09-15,Carousel,137.0,17.0,19,0,392.0,16.0,55.0,30.0,6699,8613,10487,197,33,18
259,2022-09-16,Reel,195.0,14.0,22,51,657.0,27.0,122.0,31.0,6710,7049,10878,286,62,82
260,2022-09-17,Carousel,94.0,7.0,15,0,400.0,32.0,68.0,45.0,6720,4518,5760,157,32,42
261,2022-09-18,Image,50.0,1.0,15,0,226.0,21.0,35.0,8.0,6731,3962,4593,146,26,20
262,2022-09-19,Story,260.0,4.0,19,7,92.0,2.0,8.0,12.0,6741,1428,1654,84,7,19
263,2022-09-20,Reel,32.0,6.0,16,20,306.0,14.0,61.0,30.0,6752,5796,9389,312,36,27
264,2022-09-21,Carousel,243.0,20.0,16,0,480.0,27.0,81.0,72.0,6762,6449,10564,343,101,61
265,2022-09-22,Reel,165.0,20.0,14,41,597.0,56.0,37.0,29.0,6773,8873,11901,457,103,80
266,2022-09-23,Reel,266.0,3.0,9,13,461.0,23.0,36.0,72.0,6783,5804,9065,197,51,65
267,2022-09-24,Reel,294.0,3.0,13,13,432.0,16.0,58.0,39.0,6794,7974,9380,329,19,97
268,2022-09-25,Image,208.0,5.0,14,0,509.0,40.0,98.0,54.0,6804,5391,7730,60,4,5
269,2022-09-26,Reel,164.0,4.0,7,67,293.0,18.0,72.0,19.0,6815,8325,11769,441,69,50
270,2022-09-27,Reel,47.0,4.0,23,90,576.0,61.0,41.0,48.0,6825,8818,14859,169,32,19
271,2022-09-28,Carousel,292.0,7.0,19,0,445.0,14.0,33.0,54.0,6836,5567,6937,297,18,87
272,2022-09-29,Image,237.0,15.0,19,0,520.0,54.0,76.0,61.0,6846,6656,9287,332,27,88
273,2022-09-30,Reel,245.0,8.0,8,37,355.0,29.0,77.0,42.0,6857,5676,6759,150,22,41
274,2022-10-01,Image,229.0,14.0,8,0,161.0,10.0,17.0,6.0,6867,1920,3175,46,12,4
275,2022-10-02,Reel,208.0,10.0,9,27,911.0,61.0,118.0,38.0,6878,9922,13468,240,32,75
276,2022-10-03,Image,289.0,11.0,10,0,58.0,2.0,11.0,4.0,6888,818,1224,48,14,10
277,2022-10-04,Reel,117.0,4.0,15,54,732.0,25.0,93.0,64.0,6899,8327,11286,413,26,92
278,2022-10-05,Story,109.0,0.0,9,14,98.0,4.0,8.0,7.0,6909,2198,3320,26,6,6
279,2022-10-06,Reel,65.0,2.0,19,60,500.0,15.0,39.0,44.0,6920,9843,12572,208,14,20
280,2022-10-07,Story,208.0,13.0,13,8,128.0,9.0,23.0,11.0,6930,1478,1855,26,2,4
281,2022-10-08,Reel,213.0,10.0,11,48,285.0,16.0,45.0,39.0,6941,6196,10418,216,14,57
282,2022-10-09,Reel,268.0,20.0,18,14,849.0,77.0,79.0,105.0,6951,10828,17355,604,164,106
283,2022-10-10,Image,211.0,11.0,18,0,493.0,28.0,54.0,53.0,6962,5380,7989,197,25,46
284,2022-10-11,Reel,216.0,9.0,22,90,562.0,50.0,47.0,44.0,6972,7573,9181,293,14,52
285,2022-10-12,Story,11.0,8.0,15,5,135.0,7.0,19.0,14.0,6983,2766,3187,116,22,10
286,2022-10-13,Reel,31.0,12.0,16,7,467.0,38.0,80.0,20.0,6993,6610,8736,179,12,59
287,2022-10-14,Reel,86.0,2.0,6,63,759.0,38.0,56.0,57.0,7004,8685,11496,199,52,61
288,2022-10-15,Reel,84.0,1.0,14,20,690.0,24.0,112.0,67.0,7015,11144,14541,306,24,69
289,2022-10-16,Image,124.0,5.0,15,0,495.0,20.0,116.0,19.0,7025,7547,10280,158,18,37
290,2022-10-17,Reel,220.0,4.0,14,22,501.0,27.0,77.0,20.0,7036,8554,13776,284,68,47
291,2022-10-18,Reel,242.0,6.0,21,60,612.0,55.0,61.0,20.0,7046,11926,17928,180,52,42
292,2022-10-19,Image,233.0,3.0,13,0,220.0,9.0,15.0,28.0,7057,4299,6357,74,11,11
293,2022-10-20,Carousel,176.0,13.0,9,0,480.0,38.0,38.0,27.0,7067,7306,9498,250,44,66
294,2022-10-21,Carousel,134.0,10.0,6,0,186.0,8.0,13.0,16.0,7078,2187,2631,29,7,7
295,2022-10-22,Reel,188.0,14.0,17,85,418.0,33.0,50.0,20.0,7088,9107,13063,501,70,46
296,2022-10-23,Story,131.0,15.0,16,5,202.0,9.0,39.0,15.0,7099,2357,2713,140,31,22
297,2022-10-24,Reel,79.0,10.0,7,9,453.0,39.0,100.0,53.0,7109,6077,9211,301,65,42
298,2022-10-25,Image,162.0,11.0,13,0,187.0,19.0,38.0,9.0,7120,3075,5037,157,30,34
299,2022-10-26,Carousel,224.0,17.0,22,0,290.0,15.0,29.0,42.0,7130,3244,4668,40,9,12
300,2022-10-27,Reel,284.0,4.0,15,69,748.0,63.0,159.0,59.0,7141,8084,12063,120,6,12
301,2022-10-28,Image,208.0,0.0,19,0,269.0,9.0,63.0,32.0,7151,6300,8233,350,66,82
302,2022-10-29,Carousel,269.0,4.0,20,0,507.0,48.0,42.0,60.0,7162,9447,14145,421,38,144
303,2022-10-30,Carousel,219.0,17.0,16,0,521.0,38.0,64.0,48.0,7172,6690,10927,244,53,62
304,2022-10-31,Carousel,69.0,16.0,23,0,214.0,13.0,24.0,26.0,7183,5675,8903,309,35,51
305,2022-11-01,Reel,76.0,12.0,12,15,480.0,40.0,105.0,19.0,7193,10056,14476,316,75,91
306,2022-11-02,Carousel,40.0,6.0,7,0,232.0,24.0,42.0,31.0,7204,4929,7437,184,42,30
307,2022-11-03,Carousel,92.0,10.0,23,0,115.0,9.0,23.0,5.0,7214,2109,2492,90,21,14
308,2022-11-04,Carousel,266.0,2.0,6,0,224.0,18.0,43.0,28.0,7225,6203,10078,116,23,18
309,2022-11-05,Carousel,230.0,1.0,14,0,247.0,19.0,20.0,39.0,7235,5541,7212,256,29,25
310,2022-11-06,Reel,257.0,14.0,19,64,1029.0,82.0,235.0,88.0,7246,15052,22219,245,70,37
311,2022-11-07,Carousel,265.0,17.0,6,0,125.0,9.0,21.0,6.0,7256,2763,4462,134,35,40
312,2022-11-08,Image,103.0,3.0,10,0,308.0,24.0,39.0,20.0,7267,3867,5290,172,18,58
313,2022-11-09,Reel,214.0,5.0,8,41,425.0,13.0,51.0,65.0,7277,8569,12349,393,23,52
314,2022-11-10,Image,176.0,10.0,11,0,192.0,18.0,35.0,19.0,7288,3138,3784,68,20,17
315,2022-11-11,Reel,163.0,14.0,15,30,517.0,43.0,92.0,35.0,7298,7641,9283,388,22,103
316,2022-11-12,Reel,231.0,9.0,7,77,487.0,24.0,39.0,16.0,7309,9234,11646,397,44,38
317,2022-11-13,Image,84.0,12.0,19,0,562.0,17.0,99.0,42.0,7319,5920,7522,171,11,56
318,2022-11-14,Reel,191.0,7.0,12,56,873.0,73.0,152.0,93.0,7330,10706,17456,267,76,92
319,2022-11-15,Reel,127.0,16.0,13,39,946.0,33.0,152.0,60.0,7340,10634,15352,606,61,59
320,2022-11-16,Image,254.0,0.0,11,0,204.0,17.0,28.0,32.0,7351,4195,6898,195,50,32
321,2022-11-17,Carousel,142.0,16.0,22,0,316.0,18.0,37.0,19.0,7361,4769,6555,205,16,59
322,2022-11-18,Reel,209.0,1.0,15,52,845.0,41.0,111.0,75.0,7372,10971,17763,157,42,38
323,2022-11-19,Reel,196.0,1.0,10,45,611.0,64.0,48.0,35.0,7382,7695,10067,215,28,28
324,2022-11-20,Reel,194.0,17.0,18,64,1238.0,40.0,264.0,110.0,7393,14200,21114,477,112,121
325,2022-11-21,Carousel,279.0,16.0,7,0,498.0,50.0,75.0,25.0,7403,6006,7879,144,20,40
326,2022-11-22,Reel,215.0,8.0,19,30,952.0,34.0,144.0,50.0,7414,15245,25381,689,167,198
327,2022-11-23,Carousel,258.0,17.0,21,0,575.0,49.0,109.0,66.0,7424,9210,12717,433,89,148
328,2022-11-24,Image,137.0,18.0,7,0,392.0,33.0,83.0,36.0,7435,5571,7963,97,19,12
329,2022-11-25,Image,229.0,4.0,19,0,393.0,24.0,90.0,37.0,7445,6798,8309,227,66,24
330,2022-11-26,Reel,161.0,11.0,10,33,599.0,21.0,93.0,54.0,7456,7299,10396,79,4,11
331,2022-11-27,Image,250.0,12.0,9,0,170.0,,13.0,16.0,7466,3573,4635,107,7,36
332,2022-11-28,Carousel,162.0,11.0,6,0,372.0,22.0,66.0,12.0,7477,4136,6661,70,11,12
333,2022-11-29,Image,272.0,8.0,12,0,264.0,24.0,54.0,8.0,7487,3057,4685,150,24,35
334,2022-11-30,Carousel,46.0,3.0,11,0,370.0,29.0,80.0,17.0,7498,6948,11739,130,34,32
335,2022-12-01,Reel,49.0,0.0,22,6,435.0,16.0,37.0,42.0,7508,6461,9419,262,46,30
336,2022-12-02,Carousel,252.0,3.0,23,0,242.0,9.0,52.0,27.0,7519,3677,5104,177,10,34
337,2022-12-03,Reel,265.0,12.0,17,80,243.0,17.0,47.0,13.0,7529,6505,10125,288,16,67
338,2022-12-04,Story,201.0,15.0,13,5,157.0,9.0,22.0,20.0,7540,2073,2949,118,17,23
339,2022-12-05,Reel,271.0,17.0,22,44,423.0,24.0,57.0,38.0,7550,5084,8367,159,35,22
340,2022-12-06,Reel,98.0,17.0,7,51,268.0,17.0,39.0,33.0,7561,4443,7186,249,42,58
341,2022-12-07,Reel,240.0,4.0,9,51,175.0,11.0,42.0,22.0,7571,4222,4917,196,12,62
342,2022-12-08,Image,180.0,7.0,15,0,378.0,22.0,83.0,43.0,7582,5507,7184,146,33,29
343,2022-12-09,Carousel,153.0,16.0,9,0,461.0,34.0,34.0,53.0,7592,4986,8123,130,13,22
344,2022-12-10,Story,13.0,19.0,15,7,197.0,13.0,17.0,10.0,7603,4357,5373,99,7,10
345,2022-12-11,Image,163.0,20.0,10,0,180.0,16.0,31.0,12.0,7613,2974,4101,137,38,30
346,2022-12-12,Reel,25.0,15.0,8,47,521.0,25.0,94.0,40.0,7624,7707,11084,338,27,111
347,2022-12-13,Reel,196.0,5.0,8,74,360.0,14.0,39.0,55.0,7634,4927,7102,288,25,24
348,2022-12-14,Reel,90.0,20.0,20,5,672.0,61.0,161.0,98.0,7645,13721,20643,162,14,27
349,2022-12-15,Carousel,95.0,0.0,6,0,250.0,15.0,38.0,11.0,7655,5437,8044,80,12,10
350,2022-12-16,Reel,82.0,20.0,11,78,353.0,34.0,80.0,42.0,7666,7477,11965,277,55,77
351,2022-12-17,Reel,243.0,3.0,13,89,849.0,34.0,83.0,70.0,7676,10496,13378,502,87,69
352,2022-12-18,Reel,230.0,8.0,18,61,1295.0,90.0,278.0,169.0,7687,13839,19929,757,107,62
353,2022-12-19,Reel,126.0,12.0,12,39,447.0,14.0,41.0,65.0,7697,7804,12657,381,104,35
354,2022-12-20,Reel,283.0,12.0,13,82,,81.0,202.0,38.0,7708,10554,16627,364,25,91
355,2022-12-21,Image,187.0,5.0,6,0,,1.0,2.0,1.0,7718,587,927,27,6,8
356,2022-12-22,Image,272.0,10.0,15,0,212.0,17.0,36.0,26.0,7729,2879,4265,74,8,14
357,2022-12-23,Reel,145.0,9.0,8,12,499.0,36.0,120.0,60.0,7739,5410,9135,234,49,51
358,2022-12-24,Carousel,82.0,0.0,6,0,128.0,4.0,29.0,11.0,7750,3379,5292,106,18,20
359,2022-12-25,Reel,255.0,6.0,7,61,236.0,16.0,19.0,30.0,7760,6592,9961,114,28,33
360,2022-12-26,Carousel,41.0,0.0,9,0,390.0,29.0,49.0,20.0,7771,4671,7548,175,28,27
361,2022-12-27,Reel,262.0,17.0,11,25,278.0,25.0,33.0,28.0,7781,5544,8653,227,34,68
362,2022-12-28,Reel,40.0,3.0,13,49,476.0,49.0,64.0,42.0,7792,10527,12145,182,14,56
363,2022-12-29,Reel,270.0,13.0,19,47,569.0,30.0,57.0,70.0,7802,15105,20117,813,68,90
364,2022-12-30,Reel,169.0,5.0,8,70,372.0,18.0,76.0,30.0,7813,8585,13504,148,25,39
365,2022-12-31,Reel,167.0,17.0,22,44,679.0,51.0,153.0,38.0,7823,9365,10922,467,27,129
366,2023-01-01,Reel,91.0,8.0,14,89,648.0,26.0,42.0,69.0,7834,11834,13799,607,64,196
367,2023-01-02,Reel,288.0,14.0,8,67,604.0,51.0,71.0,54.0,7844,8198,13875,394,63,94
368,2023-01-03,Reel,265.0,19.0,11,69,851.0,77.0,168.0,43.0,7855,9738,14687,497,140,125
369,2023-01-04,Reel,206.0,2.0,16,39,568.0,23.0,137.0,43.0,7865,9428,11204,481,30,126
370,2023-01-05,Carousel,275.0,3.0,11,0,159.0,13.0,38.0,9.0,7876,4543,5514,48,6,11
371,2023-01-06,Carousel,58.0,11.0,18,0,326.0,31.0,27.0,20.0,7886,6958,11051,368,53,116
372,2023-01-07,Image,233.0,2.0,16,0,131.0,13.0,32.0,8.0,7897,3556,4874,130,13,20
373,2023-01-08,Reel,245.0,8.0,17,15,950.0,30.0,135.0,122.0,7907,11813,15740,586,124,156
374,2023-01-09,Image,122.0,6.0,15,0,217.0,9.0,24.0,34.0,7918,5950,7711,307,18,55
375,2023-01-10,Reel,240.0,20.0,19,41,540.0,48.0,78.0,35.0,7928,13993,20596,375,90,117
376,2023-01-11,Story,11.0,3.0,9,11,364.0,30.0,90.0,39.0,7939,4128,6415,197,36,56
377,2023-01-12,Reel,216.0,0.0,14,10,557.0,34.0,33.0,44.0,7949,11152,18583,597,83,56
378,2023-01-13,Carousel,225.0,7.0,15,0,311.0,23.0,68.0,42.0,7960,5806,8129,94,15,12
379,2023-01-14,Reel,251.0,3.0,16,66,448.0,20.0,55.0,35.0,7970,9406,12219,503,34,118
380,2023-01-15,Reel,116.0,8.0,17,32,559.0,44.0,41.0,69.0,7981,8484,11655,257,23,83
381,2023-01-16,Reel,218.0,6.0,7,41,561.0,36.0,103.0,24.0,7991,9101,12537,362,71,49
382,2023-01-17,Story,138.0,9.0,9,13,235.0,15.0,53.0,9.0,8002,2696,4096,121,34,26
383,2023-01-18,Carousel,18.0,1.0,20,0,488.0,34.0,51.0,43.0,8013,9478,14579,300,76,77
384,2023-01-19,Carousel,163.0,2.0,6,0,260.0,17.0,27.0,35.0,8023,5814,9647,269,23,75
385,2023-01-20,Image,189.0,20.0,14,0,410.0,41.0,55.0,27.0,8034,4758,6570,104,17,15
386,2023-01-21,Reel,238.0,10.0,12,5,813.0,86.0,82.0,105.0,8044,12310,17378,270,65,27
387,2023-01-22,Reel,29.0,9.0,7,59,436.0,16.0,79.0,42.0,8055,7871,12798,274,42,89
388,2023-01-23,Carousel,105.0,7.0,20,0,349.0,17.0,75.0,45.0,8065,9374,12703,152,31,41
389,2023-01-24,Story,215.0,15.0,12,3,20.0,1.0,3.0,2.0,8076,300,399,5,0,0
390,2023-01-25,Image,220.0,6.0,13,0,369.0,22.0,63.0,57.0,8086,3983,6196,57,8,15
391,2023-01-26,Carousel,19.0,13.0,9,0,272.0,,35.0,26.0,8097,4583,5544,253,62,55
392,2023-01-27,Image,142.0,12.0,17,0,108.0,5.0,16.0,10.0,8107,1190,1565,20,5,6
393,2023-01-28,Reel,42.0,7.0,14,46,600.0,54.0,81.0,64.0,8118,11229,13476,338,60,50
394,2023-01-29,Image,163.0,10.0,7,0,270.0,28.0,25.0,8.0,8128,4916,7028,279,43,94
395,2023-01-30,Image,204.0,9.0,23,0,200.0,18.0,38.0,12.0,8139,4852,7681,78,20,20
396,2023-01-31,Reel,35.0,3.0,14,83,716.0,37.0,76.0,56.0,8149,11040,16016,176,51,53
397,2023-02-01,Image,188.0,8.0,17,0,155.0,6.0,10.0,9.0,8160,4435,6062,133,14,41
398,2023-02-02,Reel,179.0,3.0,15,75,611.0,40.0,150.0,61.0,8170,7194,10394,421,28,38
399,2023-02-03,Carousel,111.0,2.0,10,0,245.0,23.0,41.0,32.0,8181,6468,10823,370,23,51
400,2023-02-04,Story,187.0,5.0,8,4,20.0,1.0,2.0,2.0,8191,300,508,14,2,2
401,2023-02-05,Story,33.0,8.0,6,5,194.0,7.0,43.0,17.0,8202,2749,3331,73,10,22
402,2023-02-06,Image,95.0,16.0,16,0,18.0,1.0,1.0,2.0,8212,300,494,6,0,0
403,2023-02-07,Carousel,288.0,7.0,11,0,377.0,28.0,60.0,43.0,8223,4939,6835,172,49,54
404,2023-02-08,Story,126.0,1.0,19,12,331.0,18.0,71.0,31.0,8233,5723,8121,106,27,23
405,2023-02-09,Image,241.0,9.0,8,0,77.0,7.0,13.0,6.0,8244,1334,1563,31,2,8
406,2023-02-10,Reel,249.0,0.0,9,43,659.0,42.0,98.0,39.0,8254,7164,8750,192,45,65
407,2023-02-11,Reel,38.0,2.0,10,27,636.0,26.0,88.0,50.0,8265,10190,13233,372,86,60
408,2023-02-12,Reel,201.0,1.0,10,34,904.0,79.0,116.0,44.0,8275,10446,13420,219,61,61
409,2023-02-13,Reel,160.0,3.0,16,24,437.0,27.0,53.0,17.0,8286,9412,12284,553,124,127
410,2023-02-14,Carousel,101.0,16.0,12,0,454.0,46.0,104.0,43.0,8296,10123,17042,195,57,49
411,2023-02-15,Carousel,17.0,2.0,22,0,294.0,10.0,38.0,36.0,8307,5493,6872,107,15,29
412,2023-02-16,Image,176.0,0.0,20,0,160.0,16.0,38.0,25.0,8317,4369,6445,241,65,21
413,2023-02-17,Reel,120.0,9.0,13,86,872.0,52.0,208.0,110.0,8328,10461,16112,384,101,47
414,2023-02-18,Carousel,147.0,19.0,10,0,429.0,17.0,80.0,63.0,8338,5718,8963,212,36,34
415,2023-02-19,Image,41.0,9.0,21,0,319.0,13.0,44.0,26.0,8349,7776,12255,335,64,109
416,2023-02-20,Image,46.0,8.0,20,0,345.0,11.0,80.0,16.0,8359,4569,6645,266,28,42
417,2023-02-21,Reel,95.0,4.0,20,90,1293.0,105.0,195.0,104.0,8370,14149,19947,572,93,89
418,2023-02-22,Story,226.0,13.0,6,10,26.0,1.0,5.0,2.0,8380,635,947,34,1,10
419,2023-02-23,Story,80.0,13.0,12,14,211.0,19.0,23.0,27.0,8391,2268,3629,114,19,23
420,2023-02-24,Reel,170.0,19.0,14,22,582.0,40.0,80.0,81.0,8401,11227,16950,262,73,27
421,2023-02-25,Reel,112.0,9.0,13,90,1056.0,105.0,75.0,91.0,8412,11424,16904,483,39,158
422,2023-02-26,Reel,262.0,5.0,18,45,529.0,32.0,98.0,62.0,8422,14851,25020,815,205,85
423,2023-02-27,Carousel,130.0,13.0,18,0,621.0,46.0,38.0,81.0,8433,9064,12258,310,91,79
424,2023-02-28,Story,189.0,7.0,12,6,295.0,17.0,64.0,22.0,8443,3407,4242,123,22,36
425,2023-03-01,Reel,224.0,7.0,20,75,779.0,66.0,126.0,38.0,8454,14528,18388,188,53,29
426,2023-03-02,Reel,289.0,12.0,11,60,572.0,38.0,57.0,18.0,8464,8251,10156,321,60,70
427,2023-03-03,Reel,61.0,3.0,16,41,313.0,15.0,75.0,31.0,8475,8127,12556,233,42,61
428,2023-03-04,Reel,212.0,10.0,22,62,420.0,40.0,56.0,35.0,8485,8530,12840,173,48,51
429,2023-03-05,Reel,279.0,10.0,21,79,1012.0,59.0,226.0,110.0,8496,17803,24106,397,36,68
430,2023-03-06,Reel,219.0,15.0,8,69,310.0,15.0,68.0,16.0,8506,7600,10358,105,13,27
431,2023-03-07,Image,144.0,1.0,9,0,244.0,21.0,34.0,19.0,8517,2606,3490,48,9,7
432,2023-03-08,Image,55.0,11.0,17,0,439.0,19.0,31.0,46.0,8527,7559,9007,306,16,73
433,2023-03-09,Reel,51.0,8.0,8,68,463.0,27.0,65.0,20.0,8538,7831,10290,255,48,26
434,2023-03-10,Reel,31.0,13.0,20,48,834.0,88.0,55.0,127.0,8548,14614,23645,188,34,58
435,2023-03-11,Image,50.0,9.0,6,0,428.0,18.0,81.0,15.0,8559,5111,6899,238,18,49
436,2023-03-12,Image,91.0,3.0,20,0,557.0,60.0,56.0,78.0,8569,6685,7952,206,13,31
437,2023-03-13,Reel,13.0,14.0,16,34,704.0,43.0,141.0,93.0,8580,7956,10616,238,49,49
438,2023-03-14,Carousel,26.0,1.0,20,0,446.0,24.0,85.0,15.0,8590,8475,13146,128,21,14
439,2023-03-15,Image,263.0,11.0,22,0,239.0,24.0,18.0,18.0,8601,3871,5600,105,26,11
440,2023-03-16,Reel,42.0,19.0,16,6,624.0,55.0,89.0,63.0,8611,10883,17548,340,48,34
441,2023-03-17,Carousel,122.0,15.0,13,0,684.0,22.0,167.0,50.0,8622,7606,11095,309,18,66
442,2023-03-18,Image,221.0,15.0,10,0,434.0,20.0,100.0,43.0,8632,6093,9519,155,19,36
443,2023-03-19,Story,115.0,5.0,17,7,230.0,7.0,22.0,36.0,8643,4164,5576,181,22,27
444,2023-03-20,Image,89.0,5.0,8,0,177.0,7.0,15.0,8.0,8653,4177,5401,158,27,33
445,2023-03-21,Reel,198.0,17.0,7,9,568.0,55.0,86.0,51.0,8664,8652,14334,179,39,23
446,2023-03-22,Reel,220.0,12.0,8,80,323.0,34.0,57.0,19.0,8674,7210,10292,175,43,56
447,2023-03-23,Reel,271.0,3.0,11,84,456.0,48.0,42.0,35.0,8685,9228,14632,127,9,26
448,2023-03-24,Story,62.0,10.0,10,15,90.0,8.0,11.0,3.0,8695,2565,3209,70,14,12
449,2023-03-25,Carousel,246.0,2.0,12,0,366.0,32.0,65.0,57.0,8706,5192,8616,295,76,48
450,2023-03-26,Story,184.0,12.0,19,8,147.0,,15.0,6.0,8716,2041,2758,91,25,12
451,2023-03-27,Reel,288.0,19.0,16,68,537.0,50.0,56.0,55.0,8727,9196,10587,439,89,91
452,2023-03-28,Image,87.0,4.0,20,0,697.0,71.0,42.0,73.0,8737,9066,11670,323,28,47
453,2023-03-29,Carousel,25.0,15.0,17,0,594.0,37.0,73.0,40.0,8748,7176,11449,167,41,23
454,2023-03-30,Carousel,171.0,0.0,19,0,532.0,49.0,113.0,65.0,8758,8093,12829,396,55,84
455,2023-03-31,Reel,220.0,8.0,7,19,657.0,22.0,94.0,96.0,8769,10202,15675,398,43,138
456,2023-04-01,Reel,147.0,7.0,18,48,746.0,40.0,75.0,42.0,8779,17741,22694,437,47,146
457,2023-04-02,Image,283.0,8.0,8,0,284.0,20.0,33.0,44.0,8790,3527,5848,110,28,10
458,2023-04-03,Image,224.0,16.0,17,0,353.0,20.0,69.0,23.0,8800,4103,5312,138,11,24
459,2023-04-04,Story,120.0,16.0,19,15,222.0,8.0,24.0,30.0,8811,4461,5170,72,19,25
460,2023-04-05,Carousel,191.0,13.0,7,0,180.0,15.0,34.0,15.0,8821,3569,5164,105,7,34
461,2023-04-06,Reel,251.0,14.0,19,69,1070.0,96.0,180.0,170.0,8832,16514,19789,517,153,175
462,2023-04-07,Carousel,228.0,3.0,11,0,336.0,35.0,34.0,17.0,8842,4393,5461,107,7,12
463,2023-04-08,Image,286.0,14.0,21,0,304.0,23.0,27.0,27.0,8853,6120,7833,213,26,29
464,2023-04-09,Reel,90.0,17.0,18,62,638.0,48.0,84.0,46.0,8863,16179,26617,390,28,116
465,2023-04-10,Reel,108.0,12.0,18,10,987.0,49.0,109.0,62.0,8874,14871,18559,377,50,67
466,2023-04-11,Reel,62.0,18.0,7,89,419.0,22.0,84.0,24.0,8884,8624,13767,366,99,112
467,2023-04-12,Reel,141.0,3.0,20,15,1272.0,109.0,89.0,110.0,8895,18107,25434,374,80,63
468,2023-04-13,Reel,245.0,20.0,8,38,735.0,40.0,45.0,52.0,8905,10294,17191,585,80,142
469,2023-04-14,Reel,260.0,10.0,20,75,995.0,60.0,67.0,107.0,8916,16370,25270,897,139,290
470,2023-04-15,Reel,203.0,10.0,12,20,693.0,58.0,101.0,81.0,8926,11431,18693,414,54,104
471,2023-04-16,Reel,264.0,15.0,14,19,651.0,68.0,52.0,36.0,8937,12954,18991,710,206,198
472,2023-04-17,Reel,27.0,1.0,17,88,870.0,73.0,197.0,33.0,8947,10324,16350,613,156,201
473,2023-04-18,Carousel,98.0,15.0,10,0,390.0,29.0,58.0,47.0,8958,5250,7305,157,15,28
474,2023-04-19,Reel,130.0,12.0,20,57,684.0,47.0,63.0,58.0,8968,14597,23728,629,40,104
475,2023-04-20,Image,291.0,19.0,13,0,412.0,38.0,46.0,54.0,8979,5646,7990,165,41,34
476,2023-04-21,Story,73.0,1.0,21,8,168.0,10.0,20.0,25.0,8989,3888,5825,230,44,32
477,2023-04-22,Image,46.0,17.0,14,0,145.0,13.0,20.0,22.0,9000,3286,5328,123,10,10
478,2023-04-23,Carousel,14.0,13.0,8,0,335.0,15.0,20.0,50.0,9011,4702,6542,275,21,88
479,2023-04-24,Story,49.0,7.0,17,10,487.0,16.0,34.0,19.0,9021,5261,6504,175,29,28
480,2023-04-25,Reel,40.0,7.0,20,72,1440.0,72.0,337.0,199.0,9032,16098,20620,927,202,186
481,2023-04-26,Reel,207.0,19.0,9,30,640.0,29.0,80.0,29.0,9042,9341,12398,507,43,169
482,2023-04-27,Image,236.0,8.0,10,0,131.0,6.0,30.0,16.0,9053,3647,5296,119,29,33
483,2023-04-28,Reel,45.0,3.0,11,17,274.0,8.0,49.0,15.0,9063,6801,11058,406,31,86
484,2023-04-29,Reel,109.0,14.0,10,85,531.0,42.0,74.0,16.0,9074,7364,9192,282,21,24
485,2023-04-30,Reel,21.0,3.0,9,58,832.0,69.0,70.0,124.0,9084,10844,12545,484,65,46
486,2023-05-01,Reel,14.0,1.0,14,14,623.0,21.0,69.0,19.0,9095,10782,14401,137,38,26
487,2023-05-02,Carousel,234.0,11.0,14,0,792.0,79.0,108.0,100.0,9105,10475,15562,554,70,149
488,2023-05-03,Reel,171.0,14.0,22,88,785.0,24.0,150.0,89.0,9116,10113,15299,236,67,69
489,2023-05-04,Carousel,121.0,17.0,11,0,264.0,27.0,31.0,27.0,9126,4014,6768,200,19,39
490,2023-05-05,Carousel,245.0,4.0,16,0,404.0,43.0,82.0,29.0,9137,5988,7093,273,55,29
491,2023-05-06,Story,221.0,0.0,9,5,23.0,1.0,4.0,2.0,9147,300,458,11,0,3
492,2023-05-07,Reel,108.0,8.0,10,58,661.0,19.0,154.0,77.0,9158,12441,14645,493,53,110
493,2023-05-08,Reel,230.0,4.0,8,24,942.0,32.0,123.0,84.0,9168,12151,19472,230,53,76
494,2023-05-09,Carousel,292.0,10.0,20,0,313.0,20.0,73.0,14.0,9179,8103,12460,328,40,54
495,2023-05-10,Reel,191.0,2.0,9,31,372.0,27.0,22.0,12.0,9189,8561,11635,142,21,16
496,2023-05-11,Image,142.0,17.0,11,0,338.0,14.0,37.0,12.0,9200,4445,7498,156,28,53
497,2023-05-12,Story,278.0,17.0,10,4,133.0,7.0,11.0,11.0,9210,2144,3493,91,14,20
498,2023-05-13,Reel,75.0,14.0,20,31,1142.0,99.0,255.0,182.0,9221,16337,21918,904,155,76
499,2023-05-14,Reel,203.0,2.0,22,13,556.0,49.0,129.0,79.0,9231,11547,15829,270,14,52
500,2023-05-15,Story,111.0,9.0,10,3,192.0,16.0,46.0,21.0,9242,3537,4591,38,8,11
501,2023-05-16,Carousel,84.0,12.0,14,0,492.0,51.0,77.0,60.0,9252,8095,9416,447,131,147
502,2023-05-17,Image,33.0,16.0,15,0,186.0,9.0,30.0,17.0,9263,4388,7362,156,26,50
503,2023-05-18,Carousel,83.0,10.0,19,0,670.0,32.0,85.0,75.0,9273,10758,16047,208,49,55
504,2023-05-19,Carousel,30.0,4.0,22,0,462.0,14.0,61.0,52.0,9284,6001,8012,260,46,24
505,2023-05-20,Story,178.0,9.0,6,12,43.0,2.0,8.0,3.0,9294,920,1407,36,9,10
506,2023-05-21,Reel,77.0,16.0,9,12,748.0,50.0,68.0,62.0,9305,11368,15879,176,20,35
507,2023-05-22,Reel,155.0,7.0,20,38,801.0,48.0,57.0,84.0,9315,16565,27294,630,167,106
508,2023-05-23,Reel,275.0,2.0,22,14,731.0,32.0,101.0,62.0,9326,9239,14704,130,35,16
509,2023-05-24,Image,159.0,10.0,14,0,217.0,13.0,24.0,14.0,9336,5369,8806,190,44,31
510,2023-05-25,Image,219.0,15.0,16,0,219.0,19.0,40.0,20.0,9347,5692,8663,251,14,50
511,2023-05-26,Carousel,,2.0,21,0,467.0,32.0,73.0,55.0,9357,10364,14034,184,41,45
512,2023-05-27,Carousel,217.0,4.0,20,0,929.0,50.0,223.0,60.0,9368,12044,17255,509,43,71
513,2023-05-28,Reel,50.0,17.0,22,67,614.0,47.0,131.0,93.0,9378,8943,11403,392,117,100
514,2023-05-29,Reel,208.0,9.0,18,31,1212.0,72.0,269.0,104.0,9389,15208,20825,467,96,111
515,2023-05-30,Reel,61.0,19.0,13,9,643.0,59.0,83.0,70.0,9399,13510,16837,417,62,118
516,2023-05-31,Story,162.0,7.0,22,13,354.0,14.0,31.0,32.0,9410,5432,7474,310,36,50
517,2023-06-01,Reel,131.0,18.0,13,36,880.0,38.0,204.0,112.0,9420,14142,19330,529,67,131
518,2023-06-02,Reel,163.0,19.0,6,70,445.0,22.0,33.0,51.0,9431,8633,12128,236,17,34
519,2023-06-03,Carousel,186.0,12.0,8,0,492.0,52.0,75.0,20.0,9441,7689,12319,155,25,31
520,2023-06-04,Image,144.0,2.0,22,0,445.0,23.0,31.0,30.0,9452,6230,7814,109,12,33
521,2023-06-05,Story,25.0,20.0,11,5,64.0,2.0,13.0,9.0,9462,1478,2164,71,16,11
522,2023-06-06,Image,63.0,2.0,14,0,393.0,12.0,77.0,61.0,9473,5904,8893,197,42,16
523,2023-06-07,Story,286.0,0.0,20,12,216.0,12.0,,31.0,9483,4536,6515,125,32,31
524,2023-06-08,Reel,264.0,13.0,23,76,791.0,86.0,77.0,68.0,9494,9297,12600,194,29,27
525,2023-06-09,Reel,53.0,0.0,10,65,726.0,24.0,100.0,37.0,9504,8098,10490,389,42,115
526,2023-06-10,Carousel,87.0,0.0,7,0,540.0,33.0,72.0,43.0,9515,6890,8298,118,14,22
527,2023-06-11,Image,39.0,15.0,13,0,116.0,9.0,21.0,8.0,9525,2791,3477,102,30,21
528,2023-06-12,Image,286.0,13.0,6,0,360.0,36.0,46.0,21.0,9536,4644,6085,255,15,40
529,2023-06-13,Carousel,70.0,4.0,7,0,417.0,16.0,64.0,29.0,9546,6453,10458,121,19,19
530,2023-06-14,Image,275.0,15.0,21,0,686.0,20.0,61.0,93.0,9557,8243,10807,92,13,28
531,2023-06-15,Reel,276.0,12.0,17,56,613.0,41.0,94.0,94.0,9567,8287,12289,496,38,156
532,2023-06-16,Reel,176.0,9.0,10,62,927.0,59.0,157.0,84.0,9578,9883,14782,421,94,87
533,2023-06-17,Reel,298.0,5.0,20,43,1616.0,72.0,232.0,107.0,9588,18394,30432,454,96,154
534,2023-06-18,Reel,75.0,6.0,6,35,922.0,33.0,181.0,74.0,9599,10314,14254,531,69,87
535,2023-06-19,Reel,123.0,14.0,7,30,969.0,35.0,199.0,66.0,9609,13632,20268,290,46,44
536,2023-06-20,Reel,95.0,4.0,20,15,1010.0,34.0,239.0,40.0,9620,15583,24741,428,86,73
537,2023-06-21,Image,72.0,20.0,17,0,611.0,63.0,110.0,51.0,9630,6875,10399,281,33,29
538,2023-06-22,Carousel,217.0,15.0,20,0,611.0,42.0,127.0,63.0,9641,9936,13070,460,137,96
539,2023-06-23,Carousel,90.0,,9,0,625.0,,121.0,51.0,9651,9972,15527,324,55,112
540,2023-06-24,Image,259.0,1.0,13,0,658.0,33.0,117.0,50.0,9662,7502,11978,234,55,49
541,2023-06-25,Carousel,195.0,2.0,23,0,386.0,21.0,75.0,31.0,9672,6101,8687,360,42,115
542,2023-06-26,Reel,148.0,17.0,9,22,572.0,61.0,42.0,86.0,9683,10801,17540,326,66,74
543,2023-06-27,Story,182.0,15.0,11,14,17.0,1.0,1.0,2.0,9693,300,360,9,1,2
544,2023-06-28,Image,212.0,6.0,11,0,214.0,21.0,30.0,15.0,9704,3183,5385,73,9,21
545,2023-06-29,Reel,161.0,17.0,19,87,590.0,47.0,55.0,34.0,9714,15679,20820,710,175,74
546,2023-06-30,Story,108.0,18.0,17,5,18.0,1.0,3.0,1.0,9725,300,458,12,2,2
547,2023-07-01,Image,144.0,14.0,9,0,348.0,28.0,25.0,28.0,9735,3866,5311,165,15,39
548,2023-07-02,Reel,144.0,13.0,23,90,885.0,41.0,61.0,69.0,9746,11327,13607,537,45,83
549,2023-07-03,Reel,157.0,1.0,18,49,1162.0,84.0,199.0,43.0,9756,15652,24641,432,79,49
550,2023-07-04,Carousel,48.0,7.0,22,0,413.0,34.0,60.0,58.0,9767,8785,13122,199,31,64
551,2023-07-05,Reel,252.0,8.0,19,14,820.0,35.0,110.0,65.0,9777,14266,23934,328,50,43
552,2023-07-06,Reel,287.0,10.0,19,86,1538.0,50.0,378.0,189.0,9788,18459,29533,655,182,86
553,2023-07-07,Carousel,214.0,0.0,8,0,382.0,20.0,31.0,33.0,9798,9756,14268,274,35,69
554,2023-07-08,Story,290.0,10.0,13,15,237.0,13.0,54.0,23.0,9809,3857,4848,148,31,36
555,2023-07-09,Image,242.0,0.0,7,0,658.0,25.0,91.0,54.0,9819,7196,8572,376,94,107
556,2023-07-10,Carousel,276.0,8.0,19,0,1004.0,59.0,207.0,43.0,9830,14501,19935,264,44,80
557,2023-07-11,Story,263.0,1.0,10,8,319.0,25.0,62.0,21.0,9840,4423,5712,231,52,49
558,2023-07-12,Reel,131.0,19.0,23,43,477.0,24.0,101.0,63.0,9851,10671,14140,406,116,87
559,2023-07-13,Image,112.0,19.0,19,0,316.0,20.0,55.0,20.0,9861,8340,12518,247,56,45
560,2023-07-14,Image,221.0,5.0,9,0,296.0,28.0,60.0,34.0,9872,3423,5495,117,12,27
561,2023-07-15,Reel,87.0,1.0,14,74,1114.0,71.0,67.0,144.0,9882,13205,17427,376,85,74
562,2023-07-16,Story,77.0,15.0,8,12,37.0,3.0,2.0,1.0,9893,731,987,33,5,3
563,2023-07-17,Image,142.0,,20,0,617.0,50.0,110.0,56.0,9903,7644,11060,282,67,35
564,2023-07-18,Carousel,218.0,2.0,9,0,436.0,36.0,32.0,68.0,9914,7869,11015,204,48,48
565,2023-07-19,Reel,25.0,13.0,18,33,1528.0,102.0,153.0,228.0,9924,21781,34495,913,58,250
566,2023-07-20,Image,247.0,12.0,16,0,171.0,7.0,30.0,12.0,9935,3176,4504,95,17,18
567,2023-07-21,Image,43.0,14.0,8,0,132.0,14.0,32.0,7.0,9945,3213,5324,119,26,36
568,2023-07-22,Story,212.0,7.0,23,9,234.0,12.0,14.0,30.0,9956,2527,3189,93,22,30
569,2023-07-23,Image,274.0,12.0,19,0,339.0,13.0,26.0,25.0,9966,8556,11775,394,82,45
570,2023-07-24,Reel,112.0,6.0,21,33,1131.0,111.0,236.0,101.0,9977,14112,17643,234,51,78
571,2023-07-25,Image,245.0,1.0,23,0,202.0,14.0,30.0,16.0,9987,2190,2586,41,4,7
572,2023-07-26,Reel,234.0,0.0,12,88,675.0,22.0,62.0,35.0,9998,10627,15124,336,96,65
573,2023-07-27,Image,105.0,13.0,16,0,424.0,21.0,104.0,17.0,10009,4564,5299,133,38,33
574,2023-07-28,Carousel,278.0,11.0,21,0,828.0,61.0,178.0,116.0,10019,14135,16721,705,48,139
575,2023-07-29,Reel,231.0,1.0,8,19,553.0,36.0,100.0,49.0,10030,13021,19053,222,45,62
576,2023-07-30,Reel,105.0,16.0,20,31,874.0,76.0,63.0,90.0,10040,19406,32568,663,75,145
577,2023-07-31,Reel,190.0,15.0,11,11,742.0,29.0,72.0,26.0,10051,10569,14066,224,33,24
578,2023-08-01,Reel,121.0,2.0,10,28,824.0,57.0,96.0,88.0,10061,11007,18237,499,141,47
579,2023-08-02,Reel,99.0,14.0,22,69,878.0,33.0,88.0,68.0,10072,10012,13944,210,53,38
580,2023-08-03,Reel,51.0,3.0,21,80,678.0,41.0,159.0,74.0,10082,15346,20838,210,37,45
581,2023-08-04,Reel,220.0,1.0,18,25,745.0,25.0,164.0,75.0,10093,17304,28076,207,11,64
582,2023-08-05,Reel,226.0,8.0,22,41,477.0,26.0,96.0,47.0,10103,10092,12298,332,67,108
583,2023-08-06,Carousel,179.0,5.0,21,0,475.0,30.0,93.0,70.0,10114,9877,15299,471,24,101
584,2023-08-07,Reel,96.0,16.0,9,47,663.0,25.0,86.0,30.0,10124,11087,15352,627,69,51
585,2023-08-08,Carousel,292.0,17.0,10,0,212.0,20.0,47.0,12.0,10135,4409,5964,211,18,34
586,2023-08-09,Image,200.0,8.0,10,0,294.0,24.0,47.0,43.0,10145,3907,5512,218,49,41
587,2023-08-10,Reel,298.0,13.0,6,88,663.0,60.0,110.0,33.0,10156,11127,13463,253,48,25
588,2023-08-11,Carousel,64.0,3.0,12,0,846.0,73.0,74.0,70.0,10166,10095,16299,114,7,23
589,2023-08-12,Image,18.0,12.0,23,0,607.0,47.0,141.0,94.0,10177,7560,12469,327,93,31
590,2023-08-13,Image,14.0,20.0,20,0,392.0,28.0,47.0,33.0,10187,9170,13142,385,100,56
591,2023-08-14,Reel,76.0,8.0,7,66,471.0,14.0,86.0,52.0,10198,10179,13876,227,49,38
592,2023-08-15,Reel,86.0,9.0,23,73,653.0,24.0,132.0,53.0,10208,8781,12337,99,28,12
593,2023-08-16,Reel,15.0,14.0,8,11,450.0,21.0,109.0,19.0,10219,9267,11685,490,73,96
594,2023-08-17,Reel,259.0,,13,8,742.0,49.0,156.0,112.0,10229,13747,20332,534,103,103
595,2023-08-18,Carousel,40.0,12.0,7,0,488.0,43.0,117.0,23.0,10240,5671,7617,83,7,7
596,2023-08-19,Image,293.0,5.0,20,0,623.0,20.0,127.0,65.0,10250,10390,16520,448,82,67
597,2023-08-20,Reel,269.0,2.0,12,85,,45.0,42.0,35.0,10261,15137,23375,242,65,73
598,2023-08-21,Carousel,271.0,13.0,22,0,597.0,20.0,57.0,54.0,10271,6467,9760,202,31,53
599,2023-08-22,Reel,103.0,15.0,14,10,571.0,53.0,114.0,46.0,10282,11631,13554,181,22,31
600,2023-08-23,Carousel,72.0,8.0,23,0,289.0,18.0,61.0,35.0,10292,4885,7464,244,18,48
601,2023-08-24,Reel,55.0,4.0,7,44,868.0,89.0,62.0,28.0,10303,10761,12455,211,16,39
602,2023-08-25,Story,76.0,13.0,17,10,287.0,29.0,48.0,10.0,10313,5488,8514,239,68,28
603,2023-08-26,Reel,85.0,11.0,22,5,403.0,21.0,86.0,54.0,10324,8406,11514,154,24,52
604,2023-08-27,Reel,69.0,8.0,14,82,847.0,58.0,157.0,135.0,10334,13327,18461,238,46,22
605,2023-08-28,Image,234.0,20.0,9,0,386.0,40.0,66.0,44.0,10345,4810,6831,67,10,17
606,2023-08-29,Carousel,69.0,15.0,17,0,445.0,41.0,77.0,44.0,10355,5318,8318,243,64,67
607,2023-08-30,Reel,39.0,3.0,13,85,1256.0,48.0,221.0,163.0,10366,14976,21743,384,62,102
608,2023-08-31,Reel,217.0,14.0,15,40,486.0,25.0,100.0,57.0,10376,12357,17958,334,53,30
609,2023-09-01,Reel,219.0,16.0,9,89,502.0,50.0,46.0,29.0,10387,10016,14438,545,131,101
610,2023-09-02,Reel,247.0,20.0,12,12,1089.0,37.0,193.0,61.0,10397,16429,19935,449,48,67
611,2023-09-03,Reel,21.0,15.0,21,67,1583.0,140.0,306.0,238.0,10408,20115,29870,231,57,41
612,2023-09-04,Reel,108.0,13.0,21,36,1548.0,47.0,223.0,100.0,10418,19714,23361,223,43,73
613,2023-09-05,Reel,182.0,1.0,21,57,1221.0,118.0,297.0,171.0,10429,16823,24934,224,23,65
614,2023-09-06,Image,275.0,7.0,19,0,528.0,52.0,67.0,23.0,10439,9042,11141,139,33,33
615,2023-09-07,Image,91.0,16.0,14,0,364.0,19.0,46.0,25.0,10450,5670,8573,298,44,46
616,2023-09-08,Carousel,186.0,14.0,6,0,404.0,20.0,26.0,30.0,10460,5219,7926,130,18,14
617,2023-09-09,Reel,277.0,0.0,16,71,1137.0,34.0,99.0,108.0,10471,12392,15888,441,67,131
618,2023-09-10,Carousel,285.0,4.0,10,0,501.0,46.0,61.0,50.0,10481,6092,8737,238,67,78
619,2023-09-11,Reel,128.0,5.0,17,78,508.0,26.0,106.0,64.0,10492,10024,15830,228,67,78
620,2023-09-12,Image,39.0,10.0,14,0,270.0,23.0,40.0,21.0,10502,4478,7438,161,14,53
621,2023-09-13,Story,135.0,20.0,10,15,18.0,1.0,4.0,1.0,10513,300,476,13,3,4
622,2023-09-14,Carousel,132.0,7.0,18,0,791.0,44.0,107.0,26.0,10523,16036,26168,581,74,114
623,2023-09-15,Reel,117.0,5.0,16,77,414.0,23.0,101.0,52.0,10534,10872,18366,380,60,129
624,2023-09-16,Reel,184.0,20.0,21,73,728.0,41.0,115.0,38.0,10544,18533,29821,523,56,181
625,2023-09-17,Image,188.0,5.0,10,0,317.0,27.0,68.0,29.0,10555,5735,8840,296,51,36
626,2023-09-18,Image,54.0,8.0,10,0,69.0,3.0,5.0,7.0,10565,1331,1965,71,3,20
627,2023-09-19,Carousel,245.0,9.0,6,0,294.0,13.0,,9.0,10576,6063,8113,153,8,33
628,2023-09-20,Carousel,,17.0,9,0,423.0,34.0,97.0,61.0,10586,4694,6570,237,17,59
629,2023-09-21,Image,125.0,9.0,14,0,661.0,26.0,83.0,79.0,10597,7536,11604,337,46,36
630,2023-09-22,Carousel,272.0,12.0,9,0,310.0,33.0,73.0,31.0,10607,7795,9668,301,34,44
631,2023-09-23,Reel,24.0,3.0,16,31,516.0,29.0,89.0,55.0,10618,11528,16448,522,124,169
632,2023-09-24,Reel,235.0,16.0,23,5,546.0,41.0,119.0,37.0,10628,11657,14264,355,56,92
633,2023-09-25,Reel,95.0,13.0,9,15,472.0,41.0,85.0,71.0,10639,9475,15484,348,20,38
634,2023-09-26,Reel,151.0,5.0,17,20,480.0,44.0,57.0,61.0,10649,12050,20454,616,163,64
635,2023-09-27,Reel,104.0,20.0,16,7,619.0,24.0,83.0,59.0,10660,11428,13661,658,38,129
636,2023-09-28,Image,10.0,1.0,18,0,349.0,19.0,36.0,51.0,10670,8447,14257,281,51,96
637,2023-09-29,Reel,205.0,8.0,12,79,838.0,70.0,,91.0,10681,13372,17091,207,56,29
638,2023-09-30,Carousel,66.0,6.0,13,0,368.0,23.0,80.0,57.0,10691,8986,12261,409,121,66
639,2023-10-01,Reel,212.0,16.0,11,20,1040.0,101.0,114.0,40.0,10702,12339,20819,231,38,49
640,2023-10-02,Story,68.0,17.0,7,7,84.0,5.0,5.0,4.0,10712,1882,2359,60,9,13
641,2023-10-03,Reel,283.0,12.0,14,80,879.0,54.0,188.0,89.0,10723,14248,19933,849,220,263
642,2023-10-04,Reel,264.0,3.0,9,57,525.0,28.0,86.0,41.0,10733,13493,16692,344,44,89
643,2023-10-05,Carousel,53.0,4.0,21,0,859.0,51.0,103.0,76.0,10744,11080,13239,328,35,99
644,2023-10-06,Reel,81.0,10.0,10,89,455.0,19.0,79.0,66.0,10754,9599,11324,202,50,54
645,2023-10-07,Carousel,18.0,20.0,10,0,567.0,29.0,44.0,55.0,10765,6763,9759,72,17,10
646,2023-10-08,Reel,199.0,16.0,13,58,762.0,27.0,49.0,91.0,10775,13989,18804,255,40,41
647,2023-10-09,Carousel,129.0,12.0,22,0,818.0,43.0,97.0,130.0,10786,11373,13741,400,72,90
648,2023-10-10,Reel,179.0,10.0,22,7,1023.0,48.0,161.0,157.0,10796,13939,22446,615,156,178
649,2023-10-11,Image,97.0,14.0,13,0,435.0,40.0,99.0,35.0,10807,5603,7086,315,19,60
650,2023-10-12,Reel,212.0,13.0,9,61,938.0,35.0,67.0,38.0,10817,12438,14969,601,105,94
651,2023-10-13,Reel,215.0,2.0,6,64,654.0,48.0,157.0,29.0,10828,10501,12592,179,38,36
652,2023-10-14,Carousel,70.0,19.0,16,0,441.0,34.0,99.0,16.0,10838,7142,10365,292,16,65
653,2023-10-15,Carousel,129.0,18.0,12,0,650.0,65.0,66.0,59.0,10849,8189,11221,163,37,26
654,2023-10-16,Story,138.0,7.0,12,11,202.0,8.0,49.0,16.0,10859,5063,7668,295,49,91
655,2023-10-17,Image,55.0,5.0,20,0,451.0,18.0,31.0,67.0,10870,8587,14471,344,19,67
656,2023-10-18,Carousel,140.0,3.0,21,0,652.0,20.0,110.0,89.0,10880,11683,19532,176,29,54
657,2023-10-19,Reel,178.0,19.0,6,87,409.0,43.0,82.0,18.0,10891,10767,14400,606,48,176
658,2023-10-20,Reel,163.0,1.0,15,24,779.0,58.0,108.0,97.0,10901,17872,23401,467,58,93
659,2023-10-21,Reel,57.0,20.0,12,44,1079.0,87.0,252.0,42.0,10912,13084,19718,232,64,73
660,2023-10-22,Reel,126.0,15.0,14,12,600.0,56.0,58.0,22.0,10922,15610,23583,828,125,271
661,2023-10-23,Image,56.0,16.0,23,0,511.0,46.0,66.0,43.0,10933,6051,8740,178,8,55
662,2023-10-24,Carousel,243.0,11.0,20,0,952.0,100.0,128.0,28.0,10943,12060,17701,488,131,90
663,2023-10-25,Story,204.0,15.0,14,15,305.0,14.0,52.0,23.0,10954,4020,5414,142,20,44
664,2023-10-26,Reel,38.0,6.0,23,83,786.0,54.0,51.0,92.0,10964,12692,15149,210,28,42
665,2023-10-27,Carousel,228.0,10.0,13,0,452.0,18.0,70.0,65.0,10975,8691,13870,377,85,40
666,2023-10-28,Reel,229.0,17.0,12,41,854.0,64.0,76.0,119.0,10985,15579,23755,549,43,150
667,2023-10-29,Reel,161.0,20.0,11,57,536.0,42.0,57.0,74.0,10996,11011,12833,566,111,180
668,2023-10-30,Story,117.0,4.0,12,11,281.0,14.0,25.0,29.0,11007,3008,4969,151,32,18
669,2023-10-31,Reel,279.0,13.0,12,67,671.0,25.0,66.0,49.0,11017,13575,20479,213,30,56
670,2023-11-01,Reel,103.0,9.0,9,55,664.0,66.0,127.0,106.0,11028,9109,14857,126,36,13
671,2023-11-02,Image,50.0,6.0,15,0,311.0,29.0,70.0,21.0,11038,6000,9182,236,22,57
672,2023-11-03,Reel,173.0,8.0,10,9,696.0,54.0,74.0,62.0,11049,8400,11033,357,72,101
673,2023-11-04,Carousel,154.0,0.0,15,0,387.0,35.0,71.0,14.0,11059,9763,13178,316,73,86
674,2023-11-05,Image,53.0,16.0,16,0,335.0,21.0,41.0,20.0,11070,4414,5328,136,33,40
675,2023-11-06,Image,59.0,17.0,13,0,214.0,16.0,27.0,14.0,11080,4981,6811,275,79,64
676,2023-11-07,Reel,220.0,14.0,16,75,781.0,60.0,180.0,115.0,11091,8536,11943,139,7,35
677,2023-11-08,Image,212.0,20.0,17,0,362.0,36.0,88.0,57.0,11101,6366,7823,327,49,35
678,2023-11-09,Image,221.0,12.0,7,0,333.0,15.0,27.0,51.0,11112,5746,9547,75,9,25
679,2023-11-10,Image,147.0,11.0,10,0,296.0,20.0,59.0,21.0,11122,7298,9783,360,78,80
680,2023-11-11,Story,38.0,9.0,22,6,191.0,16.0,43.0,12.0,11133,2423,3383,70,10,7
681,2023-11-12,Reel,113.0,14.0,7,70,1176.0,45.0,181.0,125.0,11143,14441,18771,695,110,213
682,2023-11-13,Reel,221.0,12.0,18,12,1471.0,70.0,331.0,135.0,11154,18295,23899,531,85,134
683,2023-11-14,Reel,118.0,13.0,11,79,470.0,47.0,79.0,70.0,11164,8017,10494,269,39,93
684,2023-11-15,Reel,73.0,7.0,20,66,686.0,74.0,115.0,42.0,11175,19479,27852,424,30,55
685,2023-11-16,Reel,129.0,6.0,15,13,550.0,46.0,124.0,56.0,11185,12842,16196,551,95,138
686,2023-11-17,Reel,57.0,13.0,8,56,1073.0,104.0,240.0,54.0,11196,11618,17847,665,176,62
687,2023-11-18,Reel,89.0,0.0,19,13,1512.0,156.0,163.0,220.0,11206,22965,30944,356,66,99
688,2023-11-19,Reel,27.0,1.0,13,67,1320.0,66.0,285.0,97.0,11217,15717,24343,319,50,51
689,2023-11-20,Reel,129.0,11.0,22,61,880.0,54.0,106.0,80.0,11227,14468,17545,726,115,190
690,2023-11-21,Reel,51.0,17.0,12,59,1055.0,46.0,257.0,129.0,11238,12310,17641,672,61,109
691,2023-11-22,Reel,14.0,4.0,14,34,1188.0,43.0,234.0,177.0,11248,15569,22203,715,183,131
692,2023-11-23,Image,117.0,10.0,16,0,161.0,10.0,18.0,9.0,11259,3859,5826,128,34,16
693,2023-11-24,Reel,76.0,5.0,7,15,512.0,39.0,53.0,37.0,11269,12274,14648,130,28,25
694,2023-11-25,Reel,196.0,16.0,13,86,1464.0,100.0,346.0,68.0,11280,15477,25147,599,36,52
695,2023-11-26,Image,253.0,13.0,10,0,375.0,18.0,78.0,40.0,11290,4466,6838,115,20,10
696,2023-11-27,Reel,284.0,7.0,8,24,983.0,30.0,194.0,153.0,11301,13460,16723,753,131,98
697,2023-11-28,Reel,166.0,20.0,14,55,1264.0,130.0,79.0,186.0,11311,14749,24370,310,39,51
698,2023-11-29,Reel,173.0,5.0,20,51,1838.0,93.0,288.0,69.0,11322,21044,25973,958,59,331
699,2023-11-30,Reel,228.0,2.0,20,79,1189.0,122.0,149.0,69.0,11332,20963,25688,309,65,71
700,2023-12-01,Reel,286.0,3.0,13,43,893.0,59.0,214.0,82.0,11343,12595,18089,643,118,101
701,2023-12-02,Reel,296.0,13.0,15,11,685.0,44.0,63.0,42.0,11353,14251,16882,717,180,67
702,2023-12-03,Carousel,,14.0,19,0,1293.0,67.0,288.0,52.0,11364,14172,20488,493,55,144
703,2023-12-04,Reel,132.0,2.0,7,82,772.0,65.0,137.0,41.0,11374,10562,16187,414,59,113
704,2023-12-05,Story,73.0,5.0,19,10,189.0,8.0,29.0,8.0,11385,5180,8525,154,38,16
705,2023-12-06,Reel,66.0,4.0,6,8,455.0,20.0,50.0,24.0,11395,9926,15612,363,31,80
706,2023-12-07,Reel,295.0,14.0,16,88,434.0,42.0,78.0,30.0,11406,10474,14514,504,60,40
707,2023-12-08,Carousel,293.0,2.0,16,0,,24.0,105.0,89.0,11416,8266,13062,347,60,93
708,2023-12-09,Reel,294.0,2.0,17,17,483.0,26.0,116.0,49.0,11427,12420,18360,251,60,72
709,2023-12-10,Image,140.0,18.0,12,0,411.0,38.0,75.0,21.0,11437,8392,12114,241,27,22
710,2023-12-11,Image,34.0,14.0,15,0,330.0,33.0,64.0,30.0,11448,4605,7175,151,35,50
711,2023-12-12,Carousel,222.0,10.0,21,0,802.0,75.0,142.0,83.0,11458,12978,21462,543,146,156
712,2023-12-13,Reel,187.0,5.0,23,8,384.0,29.0,43.0,47.0,11469,10664,15902,275,70,77
713,2023-12-14,Story,163.0,19.0,7,11,62.0,4.0,7.0,2.0,11479,1321,1631,33,2,6
714,2023-12-15,Reel,,8.0,15,83,1396.0,85.0,98.0,59.0,11490,16701,27860,285,46,64
715,2023-12-16,Reel,179.0,8.0,15,40,839.0,25.0,111.0,125.0,11500,15448,24540,794,221,167
716,2023-12-17,Image,59.0,4.0,6,0,385.0,33.0,59.0,40.0,11511,7199,11403,128,26,24
717,2023-12-18,Reel,17.0,15.0,10,34,930.0,34.0,62.0,92.0,11521,14479,21558,850,89,165
718,2023-12-19,Reel,31.0,9.0,19,82,1944.0,63.0,365.0,167.0,11532,20950,33799,304,73,80
719,2023-12-20,Reel,152.0,3.0,10,21,600.0,20.0,57.0,20.0,11542,10824,17394,209,59,62
720,2023-12-21,Image,185.0,0.0,6,0,222.0,8.0,33.0,21.0,11553,5089,7460,277,33,94
721,2023-12-22,Reel,62.0,2.0,19,47,1095.0,63.0,238.0,60.0,11563,19798,30170,424,52,79
722,2023-12-23,Carousel,293.0,7.0,22,0,527.0,27.0,90.0,34.0,11574,9182,10626,491,137,117
723,2023-12-24,Image,262.0,8.0,23,0,505.0,43.0,90.0,32.0,11584,6001,8433,133,7,44
724,2023-12-25,Carousel,199.0,19.0,17,0,414.0,32.0,84.0,31.0,11595,8974,13291,425,39,91
725,2023-12-26,Reel,297.0,20.0,12,24,964.0,90.0,71.0,142.0,11605,12761,21641,334,18,76
726,2023-12-27,Image,299.0,13.0,17,0,,42.0,76.0,21.0,11616,4885,8064,152,8,31
727,2023-12-28,Reel,132.0,9.0,13,21,1157.0,71.0,233.0,37.0,11626,15308,24607,277,78,90
728,2023-12-29,Carousel,95.0,13.0,15,0,671.0,53.0,82.0,36.0,11637,11218,17565,261,24,86
729,2023-12-30,Carousel,174.0,3.0,21,0,503.0,45.0,113.0,26.0,11647,12944,16632,510,65,97
730,2023-12-31,Carousel,144.0,11.0,6,0,356.0,,60.0,54.0,11658,7648,10622,395,47,36
731,2024-01-01,Reel,11.0,5.0,21,59,1910.0,148.0,305.0,171.0,11668,20290,31665,993,163,182
732,2024-01-02,Reel,262.0,5.0,6,60,918.0,35.0,226.0,68.0,11679,11477,14775,167,31,32
733,2024-01-03,Image,128.0,16.0,23,0,166.0,6.0,12.0,16.0,11689,4539,5856,200,43,20
734,2024-01-04,Carousel,281.0,12.0,22,0,199.0,17.0,48.0,19.0,11700,4902,7812,85,18,15
735,2024-01-05,Image,278.0,7.0,17,0,519.0,40.0,115.0,64.0,11710,5519,6977,96,6,23
736,2024-01-06,Image,144.0,15.0,16,0,120.0,6.0,17.0,9.0,11721,2474,3675,80,6,11
737,2024-01-07,Image,134.0,8.0,6,0,,26.0,67.0,22.0,11731,5652,8219,82,17,12
738,2024-01-08,Image,258.0,20.0,22,0,184.0,11.0,18.0,16.0,11742,4304,7025,134,13,30
739,2024-01-09,Image,26.0,19.0,7,0,238.0,23.0,31.0,11.0,11752,3488,5228,108,22,17
740,2024-01-10,Reel,97.0,10.0,14,13,1379.0,97.0,259.0,186.0,11763,15617,17997,463,39,62
741,2024-01-11,Reel,126.0,11.0,20,21,1333.0,73.0,133.0,180.0,11773,22039,37322,1240,198,270
742,2024-01-12,Carousel,155.0,19.0,17,0,694.0,26.0,131.0,26.0,11784,7563,8925,275,70,68
743,2024-01-13,Carousel,170.0,2.0,7,0,938.0,63.0,188.0,50.0,11794,10128,15531,185,21,19
744,2024-01-14,Story,202.0,5.0,14,13,99.0,4.0,10.0,12.0,11805,1771,2516,61,7,20
745,2024-01-15,Reel,260.0,11.0,12,61,630.0,25.0,153.0,64.0,11815,14838,18576,608,131,204
746,2024-01-16,Reel,162.0,10.0,13,43,760.0,61.0,71.0,62.0,11826,16765,22975,406,56,119
747,2024-01-17,Reel,247.0,20.0,23,36,510.0,40.0,34.0,21.0,11836,12561,14718,305,84,91
748,2024-01-18,Carousel,221.0,10.0,22,0,436.0,29.0,35.0,42.0,11847,8102,13522,199,22,62
749,2024-01-19,Story,252.0,15.0,6,8,133.0,13.0,32.0,15.0,11857,2160,2947,23,3,6
750,2024-01-20,Reel,259.0,11.0,6,36,562.0,43.0,73.0,76.0,11868,12536,19827,678,173,230
751,2024-01-21,Reel,234.0,9.0,10,55,1083.0,76.0,86.0,138.0,11878,12270,16708,522,52,158
752,2024-01-22,Reel,36.0,6.0,11,29,660.0,69.0,123.0,54.0,11889,11988,15586,493,142,66
753,2024-01-23,Reel,265.0,8.0,13,45,1212.0,99.0,141.0,166.0,11899,16071,19483,900,159,273
754,2024-01-24,Story,85.0,10.0,23,14,245.0,25.0,22.0,11.0,11910,2822,4376,47,6,12
755,2024-01-25,Reel,173.0,17.0,14,32,1462.0,144.0,164.0,221.0,11920,15504,24647,850,215,278
756,2024-01-26,Story,175.0,13.0,13,6,211.0,9.0,31.0,15.0,11931,3625,5569,180,35,43
757,2024-01-27,Carousel,181.0,2.0,16,0,731.0,69.0,134.0,32.0,11941,9157,11476,160,12,13
758,2024-01-28,Reel,245.0,9.0,8,38,1203.0,40.0,87.0,115.0,11952,14620,17575,562,86,144
759,2024-01-29,Story,,1.0,20,15,337.0,15.0,47.0,13.0,11962,5033,7264,130,25,33
760,2024-01-30,Image,19.0,19.0,6,0,538.0,42.0,64.0,29.0,11973,6930,9768,363,19,48
761,2024-01-31,Image,164.0,10.0,11,0,342.0,24.0,71.0,31.0,11983,5581,7808,157,13,48
762,2024-02-01,Image,122.0,13.0,17,0,394.0,40.0,47.0,49.0,11994,4678,5417,85,11,13
763,2024-02-02,Carousel,138.0,6.0,11,0,390.0,37.0,86.0,12.0,12005,7539,10561,432,121,143
764,2024-02-03,Story,242.0,2.0,7,13,379.0,25.0,28.0,44.0,12015,4690,7011,158,36,15
765,2024-02-04,Image,14.0,15.0,23,0,397.0,38.0,55.0,51.0,12026,4764,6774,283,59,81
766,2024-02-05,Reel,235.0,10.0,20,25,1616.0,104.0,238.0,159.0,12036,21196,34904,1263,204,274
767,2024-02-06,Image,178.0,12.0,19,0,646.0,46.0,131.0,93.0,12047,10248,16435,391,73,116
768,2024-02-07,Reel,222.0,2.0,6,77,826.0,49.0,149.0,41.0,12057,14884,23043,799,171,229
769,2024-02-08,Image,100.0,14.0,22,0,521.0,29.0,79.0,49.0,12068,6945,10289,129,23,25
770,2024-02-09,Reel,19.0,3.0,12,29,1527.0,160.0,127.0,118.0,12078,16313,22946,187,35,60
771,2024-02-10,Reel,94.0,9.0,8,85,1187.0,35.0,117.0,60.0,12089,12694,20662,555,56,57
772,2024-02-11,Image,178.0,5.0,22,0,326.0,15.0,48.0,20.0,12099,7202,10677,220,63,24
773,2024-02-12,Reel,66.0,14.0,13,70,1288.0,95.0,251.0,202.0,12110,14791,25142,392,33,101
774,2024-02-13,Reel,252.0,15.0,15,5,684.0,55.0,58.0,60.0,12120,14473,21139,517,51,147
775,2024-02-14,Carousel,257.0,12.0,6,0,448.0,23.0,49.0,22.0,12131,8362,10702,210,13,41
776,2024-02-15,Carousel,55.0,7.0,18,0,851.0,85.0,59.0,107.0,12141,12083,14039,242,13,67
777,2024-02-16,Reel,284.0,20.0,14,45,947.0,95.0,65.0,35.0,12152,14936,18168,508,50,115
778,2024-02-17,Image,51.0,5.0,9,0,493.0,52.0,98.0,62.0,12162,5909,8199,183,45,39
779,2024-02-18,Reel,273.0,1.0,19,86,906.0,80.0,124.0,65.0,12173,23771,34459,1086,242,271
780,2024-02-19,Carousel,226.0,4.0,13,0,841.0,53.0,62.0,51.0,12183,9859,11361,324,65,37
781,2024-02-20,Image,258.0,4.0,19,0,440.0,46.0,78.0,20.0,12194,7822,12124,381,69,115
782,2024-02-21,Image,158.0,13.0,17,0,226.0,16.0,49.0,31.0,12204,5241,8542,264,54,31
783,2024-02-22,Carousel,117.0,11.0,20,0,561.0,24.0,65.0,43.0,12215,11621,17578,653,77,130
784,2024-02-23,Reel,188.0,6.0,12,77,1075.0,111.0,139.0,32.0,12225,15478,23954,360,43,51
785,2024-02-24,Carousel,93.0,13.0,22,0,276.0,26.0,46.0,23.0,12236,5982,7684,75,9,20
786,2024-02-25,Reel,52.0,2.0,11,23,1219.0,75.0,96.0,84.0,12246,14520,19999,277,67,27
787,2024-02-26,Reel,232.0,9.0,13,32,1482.0,92.0,344.0,97.0,12257,16282,20241,695,129,86
788,2024-02-27,Reel,49.0,14.0,8,21,1083.0,60.0,160.0,68.0,12267,14996,20429,815,105,88
789,2024-02-28,Reel,103.0,16.0,11,30,659.0,23.0,81.0,49.0,12278,16624,20824,932,113,107
790,2024-02-29,Reel,270.0,16.0,6,17,389.0,18.0,80.0,38.0,12288,10899,16173,382,97,95
791,2024-03-01,Reel,106.0,11.0,14,88,865.0,75.0,138.0,63.0,12299,17214,22967,587,63,131
792,2024-03-02,Carousel,277.0,7.0,9,0,520.0,47.0,120.0,45.0,12309,8825,13571,355,83,110
793,2024-03-03,Carousel,272.0,15.0,9,0,476.0,43.0,100.0,70.0,12320,6336,10618,117,21,38
794,2024-03-04,Carousel,165.0,3.0,16,0,350.0,14.0,54.0,23.0,12330,3857,6174,161,8,37
795,2024-03-05,Image,155.0,16.0,13,0,596.0,29.0,87.0,90.0,12341,6947,10621,182,25,33
796,2024-03-06,Image,116.0,10.0,9,0,375.0,11.0,41.0,29.0,12351,4826,6269,280,30,30
797,2024-03-07,Carousel,193.0,9.0,7,0,399.0,28.0,80.0,47.0,12362,8962,12779,200,12,51
798,2024-03-08,Image,210.0,8.0,23,0,441.0,25.0,55.0,28.0,12372,5689,8395,259,16,27
799,2024-03-09,Image,82.0,13.0,17,0,648.0,58.0,64.0,29.0,12383,7181,8710,237,28,26
800,2024-03-10,Image,58.0,15.0,20,0,417.0,36.0,51.0,25.0,12393,10189,13447,427,91,109
801,2024-03-11,Image,297.0,12.0,11,0,282.0,21.0,61.0,35.0,12404,4485,7609,156,12,22
802,2024-03-12,Reel,67.0,13.0,14,60,625.0,56.0,73.0,29.0,12414,16892,23038,1001,85,294
803,2024-03-13,Carousel,92.0,0.0,11,0,897.0,75.0,155.0,139.0,12425,10240,14390,215,62,59
804,2024-03-14,Image,294.0,8.0,10,0,460.0,26.0,32.0,15.0,12435,8497,12465,324,38,52
805,2024-03-15,Image,294.0,20.0,23,0,343.0,33.0,62.0,26.0,12446,4164,6709,140,15,31
806,2024-03-16,Reel,293.0,15.0,18,79,916.0,90.0,115.0,126.0,12456,22679,30763,957,99,278
807,2024-03-17,Image,194.0,17.0,7,0,241.0,18.0,41.0,11.0,12467,5402,8916,223,18,68
808,2024-03-18,Story,173.0,15.0,18,4,357.0,38.0,53.0,55.0,12477,5745,8961,149,25,15
809,2024-03-19,Image,270.0,20.0,17,0,368.0,11.0,27.0,53.0,12488,7298,8555,211,52,67
810,2024-03-20,Image,284.0,6.0,22,0,593.0,47.0,62.0,88.0,12498,8485,10950,116,6,27
811,2024-03-21,Carousel,184.0,18.0,23,0,275.0,12.0,30.0,32.0,12509,7753,12735,265,61,32
812,2024-03-22,Carousel,115.0,11.0,14,0,375.0,29.0,77.0,53.0,12519,9154,14198,124,17,13
813,2024-03-23,Reel,57.0,9.0,13,85,1055.0,37.0,228.0,151.0,12530,17363,28562,866,209,125
814,2024-03-24,Reel,128.0,19.0,6,28,1483.0,99.0,,196.0,12540,15793,21560,523,138,67
815,2024-03-25,Carousel,238.0,3.0,21,0,990.0,74.0,73.0,31.0,12551,10590,14140,131,24,23
816,2024-03-26,Reel,133.0,19.0,20,36,1133.0,86.0,262.0,144.0,12561,19806,29311,481,61,102
817,2024-03-27,Reel,230.0,12.0,23,65,655.0,55.0,98.0,74.0,12572,14153,17131,581,142,109
818,2024-03-28,Story,165.0,20.0,12,15,372.0,33.0,33.0,48.0,12582,4166,5565,57,6,16
819,2024-03-29,Image,83.0,10.0,9,0,297.0,24.0,35.0,26.0,12593,6743,9567,402,103,55
820,2024-03-30,Reel,285.0,0.0,19,81,2103.0,127.0,303.0,112.0,12603,22732,28154,1032,132,206
821,2024-03-31,Reel,71.0,14.0,13,30,1521.0,91.0,294.0,76.0,12614,18581,24679,539,29,163
822,2024-04-01,Reel,140.0,12.0,6,31,693.0,35.0,,46.0,12624,14785,25058,175,27,51
823,2024-04-02,Reel,10.0,10.0,8,26,1019.0,65.0,102.0,81.0,12635,14355,23349,692,64,160
824,2024-04-03,Story,122.0,19.0,20,11,230.0,17.0,52.0,31.0,12645,4253,6940,128,14,35
825,2024-04-04,Story,243.0,19.0,10,8,10.0,1.0,2.0,1.0,12656,300,427,14,2,4
826,2024-04-05,Image,217.0,1.0,18,0,414.0,23.0,54.0,45.0,12666,9974,16532,490,140,131
827,2024-04-06,Image,169.0,2.0,17,0,345.0,27.0,76.0,32.0,12677,7035,11744,292,74,59
828,2024-04-07,Reel,105.0,9.0,21,47,1600.0,106.0,130.0,245.0,12687,22698,28740,445,86,122
829,2024-04-08,Reel,266.0,7.0,13,15,812.0,82.0,198.0,36.0,12698,15750,23229,919,228,274
830,2024-04-09,Carousel,216.0,10.0,22,0,353.0,20.0,39.0,26.0,12708,9136,13270,276,82,43
831,2024-04-10,Reel,178.0,2.0,15,23,1356.0,45.0,314.0,128.0,12719,16136,21402,251,65,28
832,2024-04-11,Reel,203.0,6.0,11,55,595.0,46.0,68.0,,12729,13468,21121,530,129,106
833,2024-04-12,Image,42.0,14.0,21,0,697.0,64.0,127.0,72.0,12740,9360,14238,536,98,79
834,2024-04-13,Image,,10.0,18,0,547.0,47.0,105.0,62.0,12750,9904,12435,381,40,108
835,2024-04-14,Carousel,252.0,3.0,14,0,664.0,35.0,,,12761,11421,18862,397,27,108
836,2024-04-15,Reel,209.0,9.0,15,67,1571.0,111.0,188.0,202.0,12771,18780,31906,264,33,46
837,2024-04-16,Story,108.0,6.0,8,7,131.0,11.0,29.0,7.0,12782,1951,2856,62,12,5
838,2024-04-17,Image,209.0,8.0,7,0,558.0,52.0,38.0,49.0,12792,6219,10444,291,53,43
839,2024-04-18,Reel,37.0,11.0,14,44,620.0,19.0,54.0,80.0,12803,14048,21747,212,46,34
840,2024-04-19,Reel,114.0,3.0,20,66,1869.0,130.0,370.0,163.0,12813,21812,26366,686,67,126
841,2024-04-20,Reel,280.0,2.0,19,20,2019.0,112.0,422.0,179.0,12824,25464,36385,611,127,90
842,2024-04-21,Image,240.0,11.0,18,0,753.0,73.0,70.0,63.0,12834,11544,15140,461,68,102
843,2024-04-22,Carousel,227.0,15.0,13,0,456.0,26.0,99.0,52.0,12845,12192,18272,194,36,32
844,2024-04-23,Reel,205.0,9.0,21,35,2022.0,139.0,224.0,312.0,12855,22121,32211,578,40,153
845,2024-04-24,Image,82.0,5.0,16,0,473.0,20.0,68.0,72.0,12866,6837,9571,249,24,58
846,2024-04-25,Reel,10.0,8.0,12,51,1267.0,78.0,292.0,94.0,12876,16103,26271,446,122,49
847,2024-04-26,Reel,63.0,14.0,15,76,1340.0,82.0,299.0,81.0,12887,15285,21783,761,152,224
848,2024-04-27,Carousel,30.0,6.0,23,0,707.0,29.0,142.0,109.0,12897,10416,13384,274,45,53
849,2024-04-28,Reel,201.0,9.0,11,66,958.0,76.0,125.0,88.0,12908,13915,22126,369,26,61
850,2024-04-29,Reel,14.0,20.0,10,68,825.0,28.0,160.0,74.0,12918,12517,15894,642,81,109
851,2024-04-30,Reel,192.0,19.0,8,48,886.0,60.0,191.0,64.0,12929,12419,16842,317,88,74
852,2024-05-01,Story,97.0,11.0,17,15,97.0,4.0,13.0,13.0,12939,2723,4346,83,24,14
853,2024-05-02,Carousel,228.0,17.0,21,0,1002.0,88.0,81.0,50.0,12950,14863,18421,520,89,148
854,2024-05-03,Reel,46.0,3.0,9,75,511.0,53.0,55.0,80.0,12960,14264,22962,641,130,122
855,2024-05-04,Reel,70.0,7.0,16,81,920.0,72.0,136.0,35.0,12971,13504,19307,169,42,26
856,2024-05-05,Reel,50.0,20.0,13,12,740.0,56.0,60.0,67.0,12981,16715,20095,381,25,55
857,2024-05-06,Reel,254.0,10.0,20,51,847.0,47.0,175.0,32.0,12992,20465,31583,692,152,240
858,2024-05-07,Reel,223.0,12.0,7,76,786.0,,121.0,113.0,13003,15948,24713,885,188,287
859,2024-05-08,Reel,198.0,0.0,23,42,759.0,41.0,123.0,91.0,13013,14116,21104,425,55,112
860,2024-05-09,Reel,72.0,7.0,16,61,480.0,42.0,75.0,53.0,13024,11572,19511,239,45,68
861,2024-05-10,Carousel,204.0,6.0,8,0,809.0,50.0,,111.0,13034,10275,17437,188,23,52
862,2024-05-11,Reel,226.0,1.0,17,43,1230.0,56.0,199.0,141.0,13045,13983,19099,335,79,113
863,2024-05-12,Carousel,251.0,15.0,9,0,333.0,31.0,69.0,36.0,13055,9062,12045,190,10,20
864,2024-05-13,Image,245.0,18.0,7,0,481.0,29.0,48.0,54.0,13066,5274,7712,241,64,27
865,2024-05-14,Reel,116.0,13.0,12,65,1233.0,93.0,289.0,86.0,13076,17636,22940,689,134,234
866,2024-05-15,Image,216.0,19.0,16,0,247.0,8.0,46.0,11.0,13087,5988,7225,100,22,13
867,2024-05-16,Reel,82.0,2.0,16,83,529.0,58.0,99.0,46.0,13097,13444,17649,757,191,137
868,2024-05-17,Story,276.0,1.0,11,7,283.0,10.0,65.0,43.0,13108,3271,4170,100,9,22
869,2024-05-18,Reel,47.0,0.0,10,54,1079.0,96.0,116.0,138.0,13118,11456,16926,674,36,165
870,2024-05-19,Reel,249.0,18.0,13,78,1341.0,64.0,107.0,69.0,13129,16926,23104,352,26,88
871,2024-05-20,Reel,116.0,12.0,15,26,1291.0,79.0,131.0,99.0,13139,14946,21328,591,97,145
872,2024-05-21,Image,88.0,11.0,17,0,745.0,55.0,163.0,107.0,13150,7869,11393,81,7,21
873,2024-05-22,Carousel,269.0,7.0,11,0,420.0,34.0,101.0,61.0,13160,6604,9401,288,75,69
874,2024-05-23,Reel,198.0,17.0,16,46,872.0,44.0,179.0,101.0,13171,13940,20659,395,94,75
875,2024-05-24,Reel,226.0,3.0,10,44,741.0,55.0,151.0,100.0,13181,11256,13725,134,38,19
876,2024-05-25,Image,121.0,11.0,21,0,624.0,49.0,80.0,87.0,13192,11417,15475,326,31,43
877,2024-05-26,Image,104.0,13.0,20,0,860.0,36.0,83.0,101.0,13202,9542,14473,382,55,127
878,2024-05-27,Image,135.0,4.0,19,0,855.0,69.0,166.0,52.0,13213,10060,13438,292,17,40
879,2024-05-28,Image,63.0,3.0,12,0,344.0,27.0,74.0,20.0,13223,6511,7827,122,7,36
880,2024-05-29,Reel,34.0,12.0,21,39,826.0,44.0,171.0,98.0,13234,22824,38377,381,28,98
881,2024-05-30,Reel,240.0,9.0,16,63,1193.0,76.0,214.0,127.0,13244,13398,22761,585,87,47
882,2024-05-31,Reel,202.0,5.0,6,47,747.0,35.0,171.0,85.0,13255,12604,18988,687,119,136
883,2024-06-01,Image,97.0,4.0,6,0,501.0,18.0,45.0,72.0,13265,7503,9079,386,56,101
884,2024-06-02,Story,247.0,4.0,18,9,245.0,22.0,45.0,12.0,13276,6422,7848,127,22,17
885,2024-06-03,Reel,254.0,19.0,20,12,2429.0,264.0,553.0,259.0,13286,26325,38379,769,95,173
886,2024-06-04,Reel,62.0,16.0,10,57,579.0,50.0,67.0,37.0,13297,14986,19686,802,172,207
887,2024-06-05,Reel,135.0,12.0,15,64,1546.0,90.0,240.0,72.0,13307,17156,22979,901,168,217
888,2024-06-06,Reel,218.0,5.0,7,72,554.0,37.0,66.0,75.0,13318,11692,16903,640,185,113
889,2024-06-07,Carousel,40.0,18.0,19,0,686.0,28.0,70.0,100.0,13328,13773,21359,766,83,162
890,2024-06-08,Carousel,28.0,20.0,20,0,1238.0,107.0,109.0,155.0,13339,14824,17097,159,40,21
891,2024-06-09,Reel,62.0,12.0,10,43,863.0,76.0,140.0,27.0,13349,15273,24787,344,41,35
892,2024-06-10,Reel,27.0,16.0,21,48,972.0,98.0,59.0,121.0,13360,23721,37328,314,17,65
893,2024-06-11,Carousel,187.0,6.0,21,0,803.0,42.0,150.0,49.0,13370,15387,18814,592,167,82
894,2024-06-12,Carousel,166.0,12.0,18,0,530.0,,68.0,77.0,13381,14961,19890,507,106,99
895,2024-06-13,Story,228.0,0.0,9,6,395.0,29.0,50.0,30.0,13391,4789,7816,51,6,16
896,2024-06-14,Image,296.0,18.0,21,0,750.0,78.0,182.0,26.0,13402,10778,14687,481,42,57
897,2024-06-15,Image,251.0,16.0,21,0,631.0,23.0,66.0,97.0,13412,9547,13891,371,30,65
898,2024-06-16,Image,145.0,12.0,14,0,705.0,61.0,122.0,93.0,13423,8586,13180,511,54,123
899,2024-06-17,Image,197.0,14.0,10,0,148.0,8.0,25.0,4.0,13433,3027,4509,76,19,20
900,2024-06-18,Carousel,192.0,6.0,6,0,762.0,34.0,173.0,113.0,13444,11867,18122,639,173,155
901,2024-06-19,Reel,153.0,16.0,7,35,734.0,79.0,90.0,108.0,13454,15165,18900,515,60,93
902,2024-06-20,Reel,253.0,1.0,22,32,532.0,22.0,129.0,66.0,13465,14036,17785,475,101,91
903,2024-06-21,Reel,295.0,15.0,23,61,1004.0,38.0,169.0,149.0,13475,15223,24738,402,76,82
904,2024-06-22,Reel,149.0,14.0,8,46,714.0,38.0,107.0,91.0,13486,15125,22014,310,16,59
905,2024-06-23,Carousel,220.0,10.0,7,0,797.0,86.0,179.0,43.0,13496,12516,15955,277,38,68
906,2024-06-24,Reel,42.0,8.0,23,20,755.0,42.0,126.0,50.0,13507,14065,21521,721,50,59
907,2024-06-25,Carousel,216.0,4.0,23,0,316.0,20.0,40.0,15.0,13517,8545,10864,338,22,78
908,2024-06-26,Reel,250.0,9.0,21,22,814.0,36.0,136.0,126.0,13528,22618,31745,982,88,247
909,2024-06-27,Story,83.0,9.0,18,14,306.0,12.0,51.0,30.0,13538,6713,10508,92,25,22
910,2024-06-28,Carousel,68.0,4.0,12,0,647.0,58.0,112.0,38.0,13549,10187,16911,562,139,149
911,2024-06-29,Image,30.0,13.0,18,0,467.0,25.0,71.0,59.0,13559,6593,7774,87,13,9
912,2024-06-30,Reel,10.0,6.0,15,29,1277.0,83.0,199.0,150.0,13570,21259,32349,271,53,25
913,2024-07-01,Carousel,136.0,1.0,11,0,502.0,30.0,77.0,30.0,13580,8716,14107,494,68,45
914,2024-07-02,Reel,49.0,14.0,8,80,777.0,58.0,64.0,51.0,13591,13755,16282,562,110,157
915,2024-07-03,Carousel,46.0,7.0,17,0,877.0,96.0,164.0,76.0,13601,9411,12497,558,110,194
916,2024-07-04,Story,135.0,6.0,12,7,259.0,27.0,18.0,15.0,13612,4442,6710,82,5,23
917,2024-07-05,Reel,273.0,4.0,12,27,1551.0,104.0,192.0,118.0,13622,17262,20766,862,242,127
918,2024-07-06,Image,30.0,2.0,9,0,497.0,47.0,63.0,49.0,13633,8305,12771,96,9,30
919,2024-07-07,Carousel,124.0,11.0,23,0,549.0,49.0,,35.0,13643,12348,17766,345,41,116
920,2024-07-08,Reel,188.0,20.0,15,48,696.0,26.0,98.0,50.0,13654,18154,27982,504,40,92
921,2024-07-09,Image,186.0,7.0,11,0,714.0,55.0,74.0,58.0,13664,8183,10734,316,51,34
922,2024-07-10,Carousel,293.0,3.0,22,0,760.0,75.0,76.0,110.0,13675,8926,12854,199,59,52
923,2024-07-11,Reel,237.0,6.0,17,76,709.0,50.0,82.0,80.0,13685,13831,15963,338,49,53
924,2024-07-12,Image,40.0,0.0,12,0,668.0,25.0,164.0,69.0,13696,7775,8967,439,58,101
925,2024-07-13,Carousel,174.0,8.0,22,0,529.0,47.0,67.0,67.0,13706,6698,8957,360,102,75
926,2024-07-14,Reel,252.0,12.0,6,34,576.0,54.0,108.0,45.0,13717,16194,24756,558,37,134
927,2024-07-15,Carousel,268.0,7.0,9,0,850.0,32.0,211.0,37.0,13727,9860,11565,588,142,170
928,2024-07-16,Carousel,196.0,3.0,16,0,,20.0,92.0,90.0,13738,7589,12573,157,15,12
929,2024-07-17,Reel,165.0,13.0,19,64,2092.0,,314.0,307.0,13748,23733,39450,265,30,74
930,2024-07-18,Reel,203.0,6.0,22,37,1134.0,69.0,277.0,146.0,13759,13204,19249,488,144,118
931,2024-07-19,Carousel,242.0,20.0,20,0,565.0,48.0,88.0,19.0,13769,13450,22472,443,58,138
932,2024-07-20,Reel,112.0,7.0,11,19,611.0,49.0,140.0,31.0,13780,14409,22749,681,184,151
933,2024-07-21,Carousel,77.0,4.0,8,0,551.0,24.0,38.0,82.0,13790,10823,18088,318,18,50
934,2024-07-22,Reel,294.0,13.0,10,82,1285.0,136.0,111.0,67.0,13801,14989,22314,540,92,108
935,2024-07-23,Carousel,53.0,9.0,9,0,728.0,30.0,176.0,85.0,13811,8102,11072,425,40,56
936,2024-07-24,Reel,278.0,6.0,21,81,1715.0,137.0,382.0,,13822,22299,32866,1175,140,410
937,2024-07-25,Reel,185.0,9.0,8,87,798.0,75.0,180.0,65.0,13832,12683,16477,606,155,120
938,2024-07-26,Carousel,33.0,16.0,7,0,377.0,40.0,89.0,40.0,13843,9555,12980,464,130,122
939,2024-07-27,Reel,10.0,11.0,8,46,888.0,69.0,183.0,58.0,13853,12590,20306,601,55,96
940,2024-07-28,Image,236.0,11.0,23,0,611.0,62.0,52.0,94.0,13864,6716,9107,326,48,66
941,2024-07-29,Reel,141.0,1.0,13,48,846.0,32.0,145.0,62.0,13874,19363,24050,551,92,176
942,2024-07-30,Reel,296.0,2.0,13,22,1135.0,117.0,72.0,170.0,13885,19412,30182,518,60,156
943,2024-07-31,Carousel,264.0,6.0,10,0,338.0,11.0,56.0,13.0,13895,7206,9813,131,7,31
944,2024-08-01,Story,219.0,1.0,10,13,115.0,5.0,9.0,5.0,13906,2119,3004,93,10,31
945,2024-08-02,Reel,77.0,17.0,11,42,568.0,24.0,110.0,78.0,13916,13453,16018,157,29,27
946,2024-08-03,Reel,66.0,6.0,15,86,1113.0,106.0,85.0,44.0,13927,18536,27110,925,266,229
947,2024-08-04,Image,231.0,18.0,6,0,528.0,33.0,126.0,30.0,13937,11019,14933,161,8,13
948,2024-08-05,Story,20.0,18.0,8,4,134.0,13.0,29.0,8.0,13948,2249,2840,84,22,27
949,2024-08-06,Story,243.0,15.0,10,10,444.0,20.0,39.0,63.0,13958,5709,7887,223,63,68
950,2024-08-07,Image,285.0,14.0,18,0,839.0,88.0,161.0,134.0,13969,9363,12057,239,40,36
951,2024-08-08,Story,48.0,7.0,22,5,206.0,15.0,30.0,20.0,13979,3469,5366,79,16,24
952,2024-08-09,Image,112.0,17.0,22,0,454.0,45.0,105.0,48.0,13990,8063,10886,145,22,24
953,2024-08-10,Reel,249.0,12.0,9,15,865.0,33.0,186.0,58.0,14001,16668,22185,634,186,93
954,2024-08-11,Story,253.0,7.0,20,7,417.0,20.0,100.0,40.0,14011,6991,11632,116,24,25
955,2024-08-12,Reel,67.0,3.0,17,35,661.0,45.0,70.0,90.0,14022,12571,18964,424,108,40
956,2024-08-13,Reel,128.0,5.0,11,82,1368.0,,89.0,108.0,14032,16432,19624,775,190,78
957,2024-08-14,Reel,195.0,5.0,22,32,961.0,85.0,121.0,65.0,14043,15139,24144,527,100,163
958,2024-08-15,Carousel,109.0,13.0,17,0,499.0,29.0,95.0,21.0,14053,9565,16051,302,23,41
959,2024-08-16,Reel,169.0,7.0,21,82,1949.0,71.0,345.0,93.0,14064,24880,39563,1283,284,430
960,2024-08-17,Reel,230.0,8.0,22,5,784.0,49.0,194.0,114.0,14074,15150,18163,827,97,173
961,2024-08-18,Reel,184.0,7.0,11,62,561.0,24.0,107.0,78.0,14085,13398,21093,299,25,61
962,2024-08-19,Reel,172.0,0.0,6,51,705.0,71.0,101.0,62.0,14095,16657,22286,866,176,214
963,2024-08-20,Carousel,19.0,11.0,21,0,1369.0,54.0,341.0,165.0,14106,16090,24661,195,23,31
964,2024-08-21,Image,130.0,2.0,16,0,422.0,20.0,42.0,24.0,14116,5877,9471,61,7,9
965,2024-08-22,Reel,87.0,15.0,21,80,1804.0,126.0,262.0,166.0,14127,23507,33177,496,71,72
966,2024-08-23,Reel,149.0,4.0,18,71,1456.0,61.0,130.0,227.0,14137,24592,41546,479,111,165
967,2024-08-24,Reel,253.0,3.0,17,22,1036.0,67.0,94.0,132.0,14148,15053,22319,815,51,163
968,2024-08-25,Carousel,139.0,1.0,18,0,670.0,47.0,75.0,28.0,14158,16163,19242,682,122,141
969,2024-08-26,Story,82.0,4.0,16,12,111.0,10.0,9.0,10.0,14169,1881,2523,106,13,24
970,2024-08-27,Image,286.0,14.0,7,0,289.0,18.0,67.0,13.0,14179,7397,10421,272,64,49
971,2024-08-28,Reel,239.0,7.0,10,79,674.0,73.0,142.0,25.0,14190,13214,15526,591,117,160
972,2024-08-29,Story,175.0,16.0,21,9,424.0,19.0,74.0,32.0,14200,7880,12772,295,31,63
973,2024-08-30,Reel,117.0,19.0,14,52,1053.0,62.0,237.0,46.0,14211,16720,20927,893,251,85
974,2024-08-31,Carousel,282.0,2.0,20,0,1139.0,103.0,145.0,51.0,14221,18714,31546,1026,67,112
975,2024-09-01,Reel,168.0,1.0,13,53,1429.0,86.0,97.0,198.0,14232,19503,27889,283,20,34
976,2024-09-02,Story,92.0,0.0,10,6,356.0,34.0,30.0,33.0,14242,6151,7494,129,31,15
977,2024-09-03,Reel,154.0,19.0,20,35,1470.0,151.0,292.0,158.0,14253,23563,36769,1408,333,140
978,2024-09-04,Reel,74.0,17.0,21,28,1507.0,124.0,268.0,204.0,14263,23842,38450,277,15,82
979,2024-09-05,Reel,251.0,8.0,11,71,679.0,62.0,126.0,23.0,14274,15200,22909,157,9,31
980,2024-09-06,Story,134.0,6.0,23,10,211.0,10.0,42.0,13.0,14284,4977,6016,227,20,57
981,2024-09-07,Reel,77.0,5.0,19,66,1504.0,130.0,241.0,142.0,14295,28150,44570,562,72,78
982,2024-09-08,Image,148.0,11.0,8,0,316.0,18.0,68.0,24.0,14305,5265,6622,96,24,11
983,2024-09-09,Reel,262.0,9.0,22,35,606.0,45.0,109.0,64.0,14316,13717,19500,249,35,33
984,2024-09-10,Story,275.0,0.0,13,11,270.0,20.0,26.0,20.0,14326,6738,9487,403,22,129
985,2024-09-11,Image,242.0,3.0,16,0,174.0,13.0,29.0,,14337,3756,4567,65,16,20
986,2024-09-12,Reel,106.0,7.0,8,82,1132.0,123.0,150.0,90.0,14347,13239,18469,164,32,45
987,2024-09-13,Reel,77.0,11.0,9,32,834.0,32.0,178.0,28.0,14358,10782,16675,498,56,112
988,2024-09-14,Reel,93.0,3.0,7,27,847.0,83.0,143.0,111.0,14368,15371,18163,674,137,78
989,2024-09-15,Image,132.0,19.0,23,0,349.0,25.0,46.0,17.0,14379,5334,9043,286,79,58
990,2024-09-16,Reel,134.0,16.0,11,13,554.0,59.0,111.0,79.0,14389,13986,22791,404,57,69
991,2024-09-17,Carousel,160.0,14.0,19,0,1268.0,75.0,234.0,171.0,14400,17481,27638,315,37,60
992,2024-09-18,Image,179.0,5.0,13,0,563.0,57.0,58.0,54.0,14410,8562,13153,320,42,67
993,2024-09-19,Reel,213.0,5.0,16,8,1181.0,79.0,201.0,184.0,14421,14746,23928,390,39,91
994,2024-09-20,Reel,135.0,16.0,9,47,639.0,33.0,131.0,29.0,14431,15404,25763,404,52,88
995,2024-09-21,Reel,101.0,6.0,13,9,1687.0,92.0,405.0,198.0,14442,20721,31806,665,98,98
996,2024-09-22,Image,81.0,0.0,12,0,329.0,30.0,20.0,10.0,14452,6415,7475,327,96,77
997,2024-09-23,Reel,287.0,2.0,22,19,543.0,27.0,46.0,71.0,14463,15029,25343,675,69,168
998,2024-09-24,Reel,65.0,6.0,15,48,1243.0,75.0,127.0,183.0,14473,18000,23540,722,59,227
999,2024-09-25,Carousel,185.0,4.0,7,0,620.0,38.0,82.0,61.0,14484,8477,12933,340,35,62
1000,2024-09-26,Reel,216.0,12.0,7,13,1088.0,46.0,78.0,103.0,14494,12765,20306,578,107,51
1001,2024-09-27,Reel,131.0,1.0,19,21,1521.0,76.0,216.0,185.0,14505,25493,39747,1247,318,198
1002,2024-09-28,Reel,84.0,19.0,19,54,1662.0,54.0,245.0,243.0,14515,26069,36125,608,91,91
1003,2024-09-29,Image,131.0,10.0,16,0,552.0,48.0,92.0,69.0,14526,7409,10660,431,76,95
1004,2024-09-30,Story,295.0,4.0,18,15,223.0,23.0,22.0,35.0,14536,6200,7613,271,76,47
1005,2024-10-01,Story,233.0,19.0,21,13,215.0,15.0,33.0,29.0,14547,4396,5427,116,26,30
1006,2024-10-02,Carousel,218.0,7.0,8,0,243.0,20.0,28.0,31.0,14557,6402,8163,217,11,66
1007,2024-10-03,Carousel,114.0,6.0,15,0,645.0,43.0,134.0,83.0,14568,11025,13858,555,58,115
1008,2024-10-04,Image,193.0,2.0,18,0,736.0,38.0,171.0,96.0,14578,11142,16424,366,67,78
1009,2024-10-05,Reel,117.0,12.0,12,29,2026.0,203.0,447.0,321.0,14589,22923,28253,349,79,71
1010,2024-10-06,Reel,166.0,17.0,20,53,2007.0,165.0,354.0,70.0,14599,27207,40647,845,141,232
1011,2024-10-07,Image,218.0,0.0,6,0,300.0,14.0,60.0,23.0,14610,7556,11655,287,82,52
1012,2024-10-08,Reel,115.0,18.0,16,51,1136.0,42.0,278.0,79.0,14620,12033,15968,139,14,27
1013,2024-10-09,Reel,102.0,15.0,15,85,757.0,47.0,116.0,74.0,14631,17315,23073,905,247,83
1014,2024-10-10,Image,42.0,4.0,16,0,245.0,23.0,32.0,15.0,14641,6569,10103,266,76,53
1015,2024-10-11,Reel,162.0,6.0,10,79,644.0,34.0,118.0,33.0,14652,17422,21117,669,64,212
1016,2024-10-12,Reel,279.0,6.0,23,65,842.0,86.0,69.0,74.0,14662,17231,21266,252,42,37
1017,2024-10-13,Reel,278.0,1.0,15,78,1650.0,180.0,125.0,180.0,14673,24210,39674,875,234,205
1018,2024-10-14,Reel,38.0,8.0,13,15,1423.0,149.0,119.0,212.0,14683,22661,34496,387,75,129
1019,2024-10-15,Story,149.0,14.0,18,11,468.0,50.0,77.0,51.0,14694,7862,11163,332,52,91
1020,2024-10-16,Image,140.0,20.0,7,0,507.0,22.0,112.0,17.0,14704,8385,13534,402,23,48
1021,2024-10-17,Reel,128.0,0.0,21,90,1933.0,162.0,389.0,215.0,14715,27497,33223,1162,241,109
1022,2024-10-18,Carousel,215.0,2.0,8,0,372.0,36.0,40.0,59.0,14725,6999,8285,373,95,64
1023,2024-10-19,Reel,143.0,12.0,12,59,1078.0,35.0,247.0,134.0,14736,21614,25342,255,49,39
1024,2024-10-20,Image,31.0,0.0,6,0,593.0,45.0,133.0,77.0,14746,7634,12730,158,44,18
1025,2024-10-21,Carousel,30.0,5.0,16,0,642.0,70.0,100.0,75.0,14757,10925,16185,356,94,39
1026,2024-10-22,Reel,119.0,3.0,22,47,759.0,38.0,179.0,25.0,14767,12800,21481,313,25,41
1027,2024-10-23,Reel,238.0,12.0,23,70,1601.0,58.0,127.0,124.0,14778,17150,24707,391,68,60
1028,2024-10-24,Reel,219.0,1.0,10,75,870.0,51.0,70.0,90.0,14788,15286,18428,784,224,227
1029,2024-10-25,Reel,25.0,20.0,19,90,2015.0,99.0,386.0,181.0,14799,23400,31791,1108,103,212
1030,2024-10-26,Reel,269.0,7.0,22,63,795.0,33.0,158.0,94.0,14809,17740,24311,1025,267,269
1031,2024-10-27,Reel,153.0,5.0,11,23,1636.0,131.0,115.0,259.0,14820,17391,27733,847,48,102
1032,2024-10-28,Story,226.0,3.0,22,5,417.0,24.0,47.0,48.0,14830,7711,8908,303,56,104
1033,2024-10-29,Image,51.0,16.0,13,0,770.0,66.0,135.0,82.0,14841,9002,13417,442,109,149
1034,2024-10-30,Image,197.0,20.0,6,0,325.0,33.0,50.0,26.0,14851,3639,6053,95,11,30
1035,2024-10-31,Reel,41.0,5.0,10,49,915.0,54.0,72.0,83.0,14862,14827,20704,179,50,46
1036,2024-11-01,Story,80.0,17.0,17,5,76.0,7.0,7.0,5.0,14872,2051,2887,52,14,14
1037,2024-11-02,Carousel,130.0,2.0,7,0,701.0,56.0,121.0,55.0,14883,9515,13499,206,58,22
1038,2024-11-03,Image,174.0,13.0,17,0,160.0,13.0,11.0,8.0,14893,2942,4687,37,4,10
1039,2024-11-04,Reel,134.0,2.0,11,83,1148.0,99.0,240.0,89.0,14904,14482,19001,315,37,60
1040,2024-11-05,Reel,48.0,5.0,23,12,1139.0,66.0,72.0,53.0,14914,15886,21088,253,26,49
1041,2024-11-06,Reel,235.0,4.0,16,27,792.0,38.0,105.0,96.0,14925,16626,26927,965,101,168
1042,2024-11-07,Story,38.0,5.0,12,7,233.0,17.0,44.0,28.0,14935,5815,9578,314,77,107
1043,2024-11-08,Story,93.0,16.0,11,3,288.0,9.0,20.0,29.0,14946,4898,6987,215,20,50
1044,2024-11-09,Carousel,268.0,1.0,7,0,1068.0,67.0,200.0,45.0,14956,12359,16867,438,110,123
1045,2024-11-10,Carousel,57.0,3.0,7,0,813.0,,79.0,72.0,14967,9273,12600,236,15,52
1046,2024-11-11,Story,249.0,6.0,21,5,747.0,68.0,68.0,70.0,14977,8703,11380,148,29,37
1047,2024-11-12,Carousel,67.0,18.0,7,0,590.0,41.0,57.0,88.0,14988,9800,16268,99,19,11
1048,2024-11-13,Reel,33.0,15.0,17,71,1232.0,41.0,225.0,184.0,14998,14159,17808,166,39,31
1049,2024-11-14,Image,41.0,11.0,6,0,500.0,30.0,31.0,15.0,15009,7569,9363,287,39,27
1050,2024-11-15,Image,13.0,20.0,8,0,338.0,11.0,21.0,17.0,15020,3765,4851,89,11,19
1051,2024-11-16,Reel,114.0,16.0,18,57,2095.0,115.0,172.0,269.0,15030,24687,41245,1083,307,296
1052,2024-11-17,Image,132.0,0.0,10,0,479.0,15.0,32.0,61.0,15041,7813,12379,440,34,37
1053,2024-11-18,Image,41.0,17.0,21,0,355.0,31.0,70.0,41.0,15051,9270,15599,494,52,130
1054,2024-11-19,Image,197.0,13.0,21,0,865.0,77.0,164.0,91.0,15062,10557,16001,150,44,22
1055,2024-11-20,Reel,182.0,5.0,8,12,1543.0,89.0,341.0,125.0,15072,16987,25672,527,33,151
1056,2024-11-21,Image,61.0,4.0,22,0,562.0,23.0,139.0,64.0,15083,8753,13379,95,16,32
1057,2024-11-22,Carousel,32.0,7.0,19,0,1298.0,104.0,124.0,150.0,15093,15872,22139,401,47,122
1058,2024-11-23,Reel,268.0,14.0,7,18,1416.0,60.0,218.0,146.0,15104,15560,20854,660,50,208
1059,2024-11-24,Carousel,187.0,20.0,17,0,455.0,31.0,88.0,35.0,15114,9689,13350,485,84,155
1060,2024-11-25,Reel,19.0,6.0,7,8,1049.0,79.0,77.0,82.0,15125,15866,21214,818,220,202
1061,2024-11-26,Image,234.0,2.0,18,0,817.0,79.0,200.0,111.0,15135,12161,19295,362,21,98
1062,2024-11-27,Carousel,15.0,6.0,19,0,1126.0,118.0,215.0,79.0,15146,16548,19962,697,137,153
1063,2024-11-28,Carousel,24.0,3.0,19,0,1346.0,109.0,143.0,104.0,15156,18500,26109,1105,133,385
1064,2024-11-29,Reel,140.0,20.0,10,64,573.0,29.0,75.0,72.0,15167,12910,18607,582,112,191
1065,2024-11-30,Reel,244.0,19.0,17,26,1566.0,150.0,181.0,250.0,15177,18707,30136,959,264,321
1066,2024-12-01,Reel,73.0,14.0,15,33,1348.0,63.0,283.0,90.0,15188,26134,41793,1162,217,269
1067,2024-12-02,Story,144.0,7.0,10,14,117.0,5.0,16.0,15.0,15198,2958,4775,170,15,22
1068,2024-12-03,Carousel,61.0,0.0,13,0,1004.0,76.0,217.0,66.0,15209,11016,13721,131,29,17
1069,2024-12-04,Carousel,172.0,18.0,13,0,1024.0,50.0,133.0,52.0,15219,11977,16270,637,129,86
1070,2024-12-05,Story,112.0,6.0,22,14,366.0,34.0,68.0,49.0,15230,6256,8658,296,68,79
1071,2024-12-06,Story,42.0,10.0,18,5,292.0,13.0,35.0,40.0,15240,6299,8785,138,33,39
1072,2024-12-07,Carousel,274.0,17.0,9,0,389.0,26.0,68.0,50.0,15251,9992,15475,596,78,76
1073,2024-12-08,Reel,111.0,15.0,22,50,1129.0,38.0,182.0,57.0,15261,16810,20216,923,99,304
1074,2024-12-09,Reel,232.0,19.0,16,48,1429.0,71.0,196.0,183.0,15272,16574,26537,290,29,61
1075,2024-12-10,Reel,160.0,0.0,17,55,692.0,64.0,149.0,21.0,15282,12702,18912,406,117,112
1076,2024-12-11,Carousel,210.0,0.0,14,0,1149.0,123.0,228.0,92.0,15293,14504,18575,619,101,154
1077,2024-12-12,Image,91.0,20.0,18,0,898.0,81.0,61.0,127.0,15303,11698,18341,531,91,106
1078,2024-12-13,Image,191.0,17.0,22,0,325.0,29.0,51.0,38.0,15314,7270,10250,111,30,37
1079,2024-12-14,Story,20.0,12.0,15,11,336.0,22.0,50.0,11.0,15324,6414,7578,349,64,78
1080,2024-12-15,Image,233.0,8.0,18,0,852.0,93.0,67.0,40.0,15335,12529,15320,340,33,78
1081,2024-12-16,Story,16.0,5.0,16,10,233.0,8.0,16.0,36.0,15345,4741,5955,262,46,22
1082,2024-12-17,Reel,265.0,18.0,20,43,1840.0,108.0,376.0,193.0,15356,26810,39448,622,140,195
1083,2024-12-18,Carousel,48.0,10.0,21,0,733.0,76.0,70.0,107.0,15366,15369,18935,295,68,25
1084,2024-12-19,Reel,40.0,9.0,19,87,1667.0,149.0,134.0,106.0,15377,24848,34668,1034,168,301
1085,2024-12-20,Carousel,15.0,11.0,16,0,451.0,25.0,74.0,71.0,15387,8229,10141,377,32,128
1086,2024-12-21,Image,183.0,19.0,19,0,921.0,92.0,69.0,48.0,15398,14478,21273,610,163,72
1087,2024-12-22,Reel,214.0,14.0,7,40,1267.0,128.0,226.0,195.0,15408,14094,23383,366,47,78
1088,2024-12-23,Reel,186.0,3.0,11,86,1277.0,111.0,271.0,56.0,15419,18220,27906,324,31,106
1089,2024-12-24,Reel,149.0,18.0,8,44,1155.0,35.0,129.0,131.0,15429,17609,27928,1024,230,200
1090,2024-12-25,Carousel,80.0,15.0,20,0,971.0,101.0,149.0,32.0,15440,18700,28358,798,178,234
1091,2024-12-26,Reel,180.0,5.0,16,62,738.0,33.0,51.0,72.0,15450,16138,22793,754,44,118
1092,2024-12-27,Carousel,206.0,15.0,13,0,1405.0,95.0,293.0,134.0,15461,16273,21553,350,44,110
1093,2024-12-28,Carousel,166.0,15.0,9,0,913.0,73.0,156.0,57.0,15471,12764,21477,229,45,49
1094,2024-12-29,Reel,63.0,0.0,6,35,654.0,67.0,39.0,68.0,15482,15174,21724,302,53,53
1095,2024-12-30,Story,146.0,9.0,6,7,316.0,9.0,54.0,27.0,15492,4457,5842,262,26,74
1096,2024-12-31,Image,252.0,1.0,10,0,341.0,23.0,66.0,38.0,15503,5843,8659,279,74,31
1097,2025-01-01,Image,243.0,17.0,12,0,468.0,27.0,52.0,23.0,15513,9871,13569,471,91,146
1098,2025-01-02,Image,279.0,3.0,21,0,577.0,22.0,51.0,47.0,15524,10826,13334,226,21,19
1099,2025-01-03,Image,23.0,9.0,10,0,406.0,18.0,77.0,37.0,15534,5254,8719,301,30,94
1100,2025-01-04,Reel,265.0,13.0,20,58,2061.0,164.0,279.0,217.0,15545,28423,38929,910,86,97
1101,2025-01-05,Reel,32.0,9.0,6,61,1584.0,71.0,158.0,57.0,15555,17369,23754,590,52,165
1102,2025-01-06,Reel,229.0,17.0,6,77,573.0,43.0,92.0,26.0,15566,16255,27081,483,142,117
1103,2025-01-07,Reel,166.0,13.0,19,60,2261.0,95.0,399.0,243.0,15576,25489,29511,567,71,131
1104,2025-01-08,Carousel,184.0,19.0,18,0,1310.0,51.0,325.0,73.0,15587,20261,28092,628,59,216
1105,2025-01-09,Reel,190.0,20.0,9,20,1358.0,89.0,177.0,215.0,15597,15478,19816,694,49,67
1106,2025-01-10,Image,198.0,14.0,7,0,477.0,17.0,101.0,31.0,15608,7683,10674,415,123,89
1107,2025-01-11,Reel,130.0,15.0,15,58,1308.0,77.0,123.0,115.0,15618,18610,25984,658,188,69
1108,2025-01-12,Carousel,217.0,6.0,16,0,1185.0,76.0,272.0,179.0,15629,13242,20231,420,120,73
1109,2025-01-13,Reel,145.0,3.0,12,44,1453.0,88.0,219.0,140.0,15639,19657,27646,719,202,242
1110,2025-01-14,Carousel,225.0,0.0,14,0,1294.0,82.0,241.0,60.0,15650,13677,16355,204,53,60
1111,2025-01-15,Carousel,223.0,11.0,19,0,1726.0,117.0,299.0,140.0,15660,18723,24536,538,67,149
1112,2025-01-16,Story,113.0,5.0,14,8,508.0,46.0,64.0,25.0,15671,6318,8393,342,42,49
1113,2025-01-17,Image,219.0,13.0,19,0,981.0,73.0,109.0,31.0,15681,12571,14490,202,32,55
1114,2025-01-18,Image,170.0,12.0,8,0,577.0,23.0,124.0,72.0,15692,6277,9057,328,63,104
1115,2025-01-19,Reel,211.0,18.0,15,42,1840.0,100.0,175.0,261.0,15702,21024,29830,478,121,120
1116,2025-01-20,Reel,232.0,12.0,22,63,1000.0,66.0,243.0,57.0,15713,12808,20320,484,25,68
1117,2025-01-21,Image,67.0,7.0,19,0,871.0,38.0,207.0,97.0,15723,10837,17983,567,109,99
1118,2025-01-22,Story,171.0,9.0,8,8,353.0,13.0,86.0,35.0,15734,4286,5482,149,13,49
1119,2025-01-23,Carousel,71.0,8.0,13,0,997.0,58.0,,49.0,15744,14019,17786,335,63,31
1120,2025-01-24,Image,134.0,3.0,14,0,516.0,44.0,85.0,57.0,15755,10007,15049,558,62,177
1121,2025-01-25,Reel,149.0,8.0,19,36,1483.0,74.0,139.0,97.0,15765,29322,43059,1732,359,233
1122,2025-01-26,Image,134.0,13.0,16,0,503.0,24.0,119.0,75.0,15776,6154,9022,204,15,39
1123,2025-01-27,Reel,250.0,8.0,6,20,917.0,88.0,143.0,53.0,15786,17369,25480,934,164,166
1124,2025-01-28,Image,191.0,19.0,23,0,160.0,12.0,35.0,5.0,15797,3672,4308,182,34,42
1125,2025-01-29,Reel,227.0,6.0,9,29,1214.0,105.0,207.0,64.0,15807,17291,27299,752,41,179
1126,2025-01-30,Story,99.0,13.0,16,9,155.0,5.0,28.0,15.0,15818,1690,2446,81,10,14
1127,2025-01-31,Reel,176.0,4.0,15,68,1073.0,59.0,149.0,151.0,15828,21071,31529,1125,58,267
1128,2025-02-01,Image,61.0,8.0,22,0,345.0,28.0,34.0,14.0,15839,6296,8222,140,11,39
1129,2025-02-02,Carousel,105.0,18.0,17,0,428.0,17.0,90.0,55.0,15849,7893,9154,275,39,76
1130,2025-02-03,Image,74.0,19.0,17,0,390.0,15.0,70.0,26.0,15860,8595,12392,307,87,40
1131,2025-02-04,Image,101.0,19.0,23,0,763.0,38.0,171.0,48.0,15870,8127,12399,222,51,42
1132,2025-02-05,Carousel,273.0,16.0,15,0,980.0,90.0,172.0,141.0,15881,11867,15932,581,113,131
1133,2025-02-06,Carousel,,7.0,7,0,553.0,43.0,53.0,27.0,15891,10621,14458,516,104,144
1134,2025-02-07,Image,207.0,3.0,22,0,721.0,59.0,106.0,32.0,15902,8277,12910,406,109,137
1135,2025-02-08,Carousel,261.0,5.0,8,0,839.0,31.0,55.0,117.0,15912,14068,16674,580,122,119
1136,2025-02-09,Image,158.0,17.0,15,0,636.0,37.0,137.0,48.0,15923,10438,14672,462,129,111
1137,2025-02-10,Reel,170.0,20.0,23,67,712.0,27.0,131.0,100.0,15933,13990,21179,601,53,142
1138,2025-02-11,Reel,267.0,9.0,6,49,1024.0,95.0,140.0,68.0,15944,16850,19963,211,20,26
1139,2025-02-12,Carousel,128.0,20.0,15,0,925.0,46.0,183.0,65.0,15954,15413,25167,578,105,104
1140,2025-02-13,Story,152.0,16.0,18,7,462.0,22.0,51.0,22.0,15965,7303,11482,323,33,106
1141,2025-02-14,Reel,72.0,2.0,16,73,1722.0,163.0,244.0,271.0,15975,18210,23531,492,98,75
1142,2025-02-15,Reel,173.0,14.0,9,55,1448.0,145.0,90.0,156.0,15986,17806,23912,761,98,104
1143,2025-02-16,Reel,59.0,11.0,6,14,672.0,45.0,76.0,96.0,15996,17911,27137,1066,169,110
1144,2025-02-17,Carousel,110.0,5.0,23,0,930.0,28.0,128.0,28.0,16007,10443,15049,490,65,131
1145,2025-02-18,Image,91.0,16.0,15,0,577.0,18.0,101.0,78.0,16018,8940,11339,238,31,27
1146,2025-02-19,Reel,37.0,12.0,8,70,601.0,30.0,58.0,57.0,16028,16841,22018,765,152,137
1147,2025-02-20,Image,81.0,14.0,20,0,645.0,33.0,115.0,68.0,16039,13198,19069,508,44,47
1148,2025-02-21,Image,287.0,19.0,18,0,813.0,49.0,160.0,46.0,16049,13306,22389,639,107,117
1149,2025-02-22,Reel,77.0,12.0,13,58,2051.0,66.0,368.0,241.0,16060,23144,33173,710,68,74
1150,2025-02-23,Carousel,76.0,2.0,20,0,874.0,80.0,75.0,34.0,16070,17174,26392,240,67,55
1151,2025-02-24,Image,222.0,9.0,11,0,450.0,16.0,104.0,41.0,16081,6516,8536,302,67,78
1152,2025-02-25,Reel,82.0,0.0,9,45,722.0,34.0,151.0,,16091,17904,24137,271,77,62
1153,2025-02-26,Story,250.0,13.0,10,9,192.0,9.0,20.0,11.0,16102,5215,7652,141,20,42
1154,2025-02-27,Carousel,85.0,15.0,17,0,909.0,63.0,179.0,57.0,16112,11740,16790,579,130,73
1155,2025-02-28,Reel,24.0,18.0,8,21,1084.0,79.0,267.0,81.0,16123,15247,23264,641,68,200
1156,2025-03-01,Reel,230.0,14.0,6,43,1166.0,101.0,208.0,122.0,16133,20162,32351,1066,310,118
1157,2025-03-02,Image,237.0,10.0,21,0,1175.0,92.0,146.0,111.0,16144,16283,25700,905,162,84
1158,2025-03-03,Carousel,182.0,14.0,9,0,504.0,16.0,62.0,59.0,16154,11005,13165,631,82,193
1159,2025-03-04,Reel,227.0,14.0,19,14,2363.0,148.0,473.0,287.0,16165,25862,32006,267,23,49
1160,2025-03-05,Reel,275.0,17.0,18,58,1384.0,109.0,162.0,212.0,16175,28556,36136,419,42,112
1161,2025-03-06,Reel,228.0,10.0,17,50,658.0,47.0,95.0,23.0,16186,15930,19274,599,155,136
1162,2025-03-07,Reel,192.0,15.0,11,58,1328.0,88.0,285.0,155.0,16196,18344,30177,360,39,87
1163,2025-03-08,Reel,92.0,9.0,13,44,1088.0,103.0,170.0,142.0,16207,23267,38930,1065,145,345
1164,2025-03-09,Reel,250.0,18.0,11,70,1688.0,131.0,419.0,187.0,16217,19377,30709,499,95,93
1165,2025-03-10,Image,158.0,6.0,12,0,628.0,59.0,84.0,50.0,16228,11247,14796,128,22,32
1166,2025-03-11,Reel,133.0,6.0,23,75,1482.0,118.0,362.0,232.0,16238,17815,28339,782,108,190
1167,2025-03-12,Reel,241.0,16.0,17,74,1465.0,147.0,181.0,139.0,16249,17969,28506,721,179,152
1168,2025-03-13,Image,270.0,18.0,15,0,800.0,51.0,143.0,85.0,16259,9044,10462,307,73,57
1169,2025-03-14,Reel,139.0,16.0,22,79,1606.0,158.0,312.0,90.0,16270,18714,26429,929,199,249
1170,2025-03-15,Story,28.0,4.0,6,3,179.0,6.0,22.0,6.0,16280,4114,5759,123,11,34
1171,2025-03-16,Story,222.0,15.0,21,12,564.0,57.0,122.0,54.0,16291,8144,11582,387,83,72
1172,2025-03-17,Story,191.0,6.0,11,8,307.0,26.0,61.0,45.0,16301,4620,6746,256,60,83
1173,2025-03-18,Reel,207.0,18.0,14,66,1401.0,143.0,219.0,63.0,16312,20196,24130,566,69,180
1174,2025-03-19,Reel,209.0,8.0,18,65,1008.0,84.0,242.0,126.0,16322,27251,42569,1543,226,308
1175,2025-03-20,Reel,11.0,17.0,10,11,1511.0,84.0,341.0,191.0,16333,17291,28203,764,172,203
1176,2025-03-21,Reel,57.0,19.0,21,22,1160.0,117.0,159.0,77.0,16343,27242,40910,820,136,76
1177,2025-03-22,Reel,224.0,2.0,10,21,1652.0,122.0,403.0,95.0,16354,19720,26454,408,121,40
1178,2025-03-23,Image,99.0,4.0,22,0,502.0,45.0,50.0,50.0,16364,7412,9172,394,84,114
1179,2025-03-24,Carousel,154.0,7.0,19,0,801.0,84.0,156.0,36.0,16375,18340,25478,1062,183,101
1180,2025-03-25,Reel,249.0,5.0,12,10,1029.0,46.0,212.0,58.0,16385,21023,28743,598,88,82
1181,2025-03-26,Image,200.0,9.0,19,0,897.0,55.0,73.0,67.0,16396,12115,19640,497,144,126
1182,2025-03-27,Reel,268.0,13.0,11,67,1072.0,101.0,184.0,169.0,16406,16765,19342,550,55,77
1183,2025-03-28,Reel,195.0,4.0,20,52,2621.0,228.0,,270.0,16417,30141,49286,1588,102,253
1184,2025-03-29,Reel,109.0,20.0,16,8,1138.0,73.0,165.0,119.0,16427,14671,20586,349,85,79
1185,2025-03-30,Reel,76.0,10.0,15,83,1493.0,133.0,364.0,52.0,16438,20458,24880,662,117,176
1186,2025-03-31,Image,69.0,19.0,11,0,650.0,62.0,45.0,61.0,16448,8824,13954,109,11,10
1187,2025-04-01,Reel,221.0,10.0,14,79,1131.0,86.0,141.0,61.0,16459,21703,33368,704,119,189
1188,2025-04-02,Image,277.0,20.0,10,0,734.0,40.0,58.0,26.0,16469,8180,10648,292,75,24
1189,2025-04-03,Reel,90.0,17.0,23,37,838.0,92.0,175.0,106.0,16480,17440,26634,660,82,104
1190,2025-04-04,Story,23.0,8.0,10,10,169.0,9.0,18.0,13.0,16490,1889,2653,102,12,33
1191,2025-04-05,Reel,279.0,12.0,6,72,1095.0,78.0,261.0,165.0,16501,17879,24091,906,150,110
1192,2025-04-06,Carousel,183.0,19.0,13,0,1493.0,151.0,302.0,133.0,16511,16247,21516,288,34,32
1193,2025-04-07,Reel,285.0,2.0,21,15,1956.0,88.0,360.0,152.0,16522,27815,43014,1214,240,322
1194,2025-04-08,Reel,47.0,13.0,12,55,1331.0,139.0,80.0,43.0,16532,22227,27793,1044,134,320
1195,2025-04-09,Carousel,110.0,13.0,23,0,486.0,33.0,45.0,48.0,16543,13038,17332,612,112,191
1196,2025-04-10,Carousel,127.0,17.0,11,0,516.0,52.0,89.0,31.0,16553,8355,12473,240,63,49
1197,2025-04-11,Reel,88.0,6.0,14,40,1295.0,103.0,134.0,174.0,16564,20258,27138,892,148,295
1198,2025-04-12,Carousel,253.0,3.0,7,0,1264.0,89.0,143.0,187.0,16574,13909,23009,409,104,72
1199,2025-04-13,Reel,197.0,3.0,7,79,818.0,78.0,137.0,130.0,16585,19224,25416,317,46,96
1200,2025-04-14,Reel,229.0,9.0,23,40,822.0,83.0,148.0,111.0,16595,17860,29234,884,115,163
1201,2025-04-15,Reel,297.0,5.0,17,76,1529.0,77.0,188.0,78.0,16606,16421,20791,861,91,70
1202,2025-04-16,Carousel,217.0,19.0,6,0,723.0,43.0,68.0,92.0,16616,10484,14558,327,86,104
1203,2025-04-17,Reel,128.0,11.0,16,14,987.0,30.0,115.0,148.0,16627,18332,29742,1084,319,155
1204,2025-04-18,Reel,143.0,6.0,11,61,1348.0,95.0,132.0,96.0,16637,17774,26545,443,128,126
1205,2025-04-19,Reel,271.0,5.0,6,69,1322.0,107.0,162.0,131.0,16648,18541,27957,267,64,31
1206,2025-04-20,Image,122.0,12.0,8,0,703.0,69.0,98.0,23.0,16658,8170,12727,441,128,88
1207,2025-04-21,Reel,273.0,15.0,13,8,1112.0,99.0,187.0,61.0,16669,22003,26950,828,229,216
1208,2025-04-22,Carousel,50.0,10.0,19,0,831.0,25.0,193.0,107.0,16679,19372,31753,969,71,231
1209,2025-04-23,Image,224.0,20.0,20,0,645.0,28.0,114.0,86.0,16690,14191,20184,538,122,154
1210,2025-04-24,Reel,44.0,18.0,17,84,1580.0,77.0,362.0,223.0,16700,19509,31464,1101,262,346
1211,2025-04-25,Story,22.0,11.0,23,10,387.0,12.0,47.0,20.0,16711,4142,6440,56,6,8
1212,2025-04-26,Carousel,,5.0,16,0,428.0,20.0,91.0,62.0,16721,10275,12080,148,43,46
1213,2025-04-27,Reel,263.0,17.0,8,90,995.0,102.0,156.0,99.0,16732,19905,29765,212,32,17
1214,2025-04-28,Reel,193.0,14.0,8,38,792.0,66.0,118.0,126.0,16742,17169,29032,500,84,55
1215,2025-04-29,Reel,209.0,7.0,13,83,1804.0,90.0,402.0,224.0,16753,22051,33354,1262,197,416
1216,2025-04-30,Image,153.0,4.0,21,0,615.0,56.0,91.0,58.0,16763,11407,17944,353,90,74
1217,2025-05-01,Story,95.0,11.0,12,12,442.0,44.0,42.0,69.0,16774,6222,9115,118,16,18
1218,2025-05-02,Carousel,85.0,13.0,19,0,1510.0,99.0,376.0,62.0,16784,18259,27080,777,186,158
1219,2025-05-03,Story,53.0,3.0,10,12,403.0,32.0,37.0,16.0,16795,6200,10340,292,48,39
1220,2025-05-04,Carousel,276.0,16.0,23,0,1009.0,64.0,240.0,50.0,16805,13079,18410,592,69,61
1221,2025-05-05,Reel,251.0,4.0,17,81,1009.0,93.0,168.0,147.0,16816,15274,19289,240,32,45
1222,2025-05-06,Reel,265.0,9.0,7,34,1186.0,79.0,192.0,94.0,16826,16430,22814,967,75,255
1223,2025-05-07,Image,156.0,3.0,7,0,464.0,14.0,35.0,61.0,16837,8967,12924,415,93,88
1224,2025-05-08,Story,232.0,7.0,21,15,627.0,64.0,109.0,86.0,16847,8110,9670,315,69,55
1225,2025-05-09,Reel,37.0,17.0,14,84,1478.0,144.0,323.0,84.0,16858,21271,31982,1167,228,220
1226,2025-05-10,Image,273.0,9.0,9,0,455.0,44.0,113.0,67.0,16868,9768,16592,455,61,118
1227,2025-05-11,Reel,200.0,0.0,22,81,1908.0,150.0,360.0,137.0,16879,20870,32850,1192,276,374
1228,2025-05-12,Reel,32.0,13.0,8,75,821.0,83.0,117.0,81.0,16889,18716,31203,261,59,40
1229,2025-05-13,Reel,14.0,9.0,13,62,980.0,70.0,69.0,59.0,16900,21178,30824,399,48,84
1230,2025-05-14,Image,204.0,9.0,17,0,517.0,38.0,121.0,64.0,16910,8244,10005,308,37,97
1231,2025-05-15,Story,95.0,19.0,16,5,165.0,5.0,16.0,15.0,16921,2193,3528,27,6,7
1232,2025-05-16,Carousel,121.0,13.0,22,0,1007.0,65.0,225.0,52.0,16931,12543,20908,369,99,79
1233,2025-05-17,Carousel,29.0,3.0,21,0,1190.0,68.0,208.0,99.0,16942,17873,22360,844,95,79
1234,2025-05-18,Carousel,145.0,12.0,21,0,777.0,39.0,127.0,101.0,16952,20999,33289,432,79,86
1235,2025-05-19,Reel,289.0,4.0,10,37,1234.0,126.0,98.0,44.0,16963,18603,24507,977,64,323
1236,2025-05-20,Image,130.0,6.0,19,0,1196.0,128.0,286.0,62.0,16973,13019,19429,722,49,236
1237,2025-05-21,Reel,299.0,11.0,10,46,1286.0,79.0,192.0,73.0,16984,15699,22104,819,99,216
1238,2025-05-22,Carousel,22.0,16.0,12,0,845.0,46.0,161.0,51.0,16994,13231,21223,731,210,170
1239,2025-05-23,Reel,14.0,0.0,9,10,1051.0,94.0,198.0,155.0,17005,18676,29299,257,41,45
1240,2025-05-24,Story,179.0,4.0,6,15,360.0,15.0,86.0,16.0,17016,5175,6058,183,21,41
1241,2025-05-25,Reel,147.0,16.0,15,18,1102.0,84.0,268.0,44.0,17026,22543,28111,536,40,175
1242,2025-05-26,Reel,24.0,13.0,14,73,1984.0,115.0,265.0,119.0,17037,22651,35960,1291,364,367
1243,2025-05-27,Reel,251.0,5.0,21,67,2613.0,100.0,531.0,239.0,17047,29501,47938,729,126,236
1244,2025-05-28,Carousel,27.0,13.0,16,0,584.0,60.0,143.0,62.0,17058,10356,11962,557,162,111
1245,2025-05-29,Image,124.0,7.0,12,0,783.0,46.0,130.0,92.0,17068,9712,16053,270,34,24
1246,2025-05-30,Carousel,193.0,18.0,11,0,544.0,39.0,106.0,38.0,17079,12695,15257,612,62,55
1247,2025-05-31,Story,34.0,9.0,14,12,197.0,11.0,39.0,30.0,17089,4473,5880,44,5,3
1248,2025-06-01,Image,145.0,10.0,11,0,451.0,14.0,71.0,68.0,17100,9192,11729,158,39,27
1249,2025-06-02,Reel,192.0,12.0,17,54,1306.0,116.0,84.0,68.0,17110,19818,22913,937,155,323
1250,2025-06-03,Image,131.0,4.0,23,0,629.0,49.0,96.0,80.0,17121,7903,13244,161,31,33
1251,2025-06-04,Reel,90.0,3.0,10,34,860.0,79.0,212.0,53.0,17131,14235,23591,162,45,23
1252,2025-06-05,Carousel,286.0,7.0,7,0,568.0,29.0,72.0,66.0,17142,11001,14863,433,83,83
1253,2025-06-06,Image,72.0,2.0,22,0,735.0,76.0,143.0,108.0,17152,8942,14025,274,44,24
1254,2025-06-07,Carousel,82.0,18.0,21,0,1831.0,125.0,174.0,84.0,17163,22557,32308,228,39,23
1255,2025-06-08,Image,165.0,7.0,17,0,473.0,45.0,94.0,25.0,17173,10396,14077,483,80,158
1256,2025-06-09,Carousel,274.0,14.0,16,0,720.0,77.0,65.0,92.0,17184,12803,16123,639,89,137
1257,2025-06-10,Story,177.0,10.0,20,3,394.0,16.0,78.0,52.0,17194,6604,8445,262,14,22
1258,2025-06-11,Reel,238.0,15.0,23,60,1533.0,85.0,214.0,243.0,17205,18922,22287,647,94,205
1259,2025-06-12,Story,54.0,9.0,22,9,217.0,23.0,28.0,32.0,17215,4236,6990,249,36,80
1260,2025-06-13,Reel,183.0,11.0,22,51,1555.0,164.0,378.0,117.0,17226,16685,19957,722,90,142
1261,2025-06-14,Image,194.0,18.0,11,0,389.0,30.0,37.0,44.0,17236,9189,11650,181,13,56
1262,2025-06-15,Carousel,133.0,18.0,20,0,1204.0,50.0,172.0,188.0,17247,19821,25895,428,72,134
1263,2025-06-16,Reel,233.0,4.0,13,26,1757.0,136.0,134.0,259.0,17257,23489,35948,1298,280,383
1264,2025-06-17,Image,166.0,17.0,7,0,456.0,20.0,70.0,64.0,17268,8955,12166,216,28,74
1265,2025-06-18,Image,73.0,20.0,16,0,366.0,35.0,58.0,44.0,17278,7549,11376,150,43,16
1266,2025-06-19,Reel,295.0,14.0,15,18,1288.0,76.0,221.0,162.0,17289,19002,31039,818,217,266
1267,2025-06-20,Reel,74.0,4.0,6,89,1320.0,122.0,315.0,175.0,17299,17570,26651,711,180,141
1268,2025-06-21,Carousel,239.0,10.0,12,0,676.0,40.0,60.0,32.0,17310,17177,25083,620,68,163
1269,2025-06-22,Reel,262.0,2.0,6,8,873.0,59.0,157.0,120.0,17320,18315,21320,1035,301,295
1270,2025-06-23,Reel,145.0,10.0,23,89,,29.0,97.0,68.0,17331,17406,28475,664,136,95
1271,2025-06-24,Reel,112.0,18.0,9,36,986.0,45.0,211.0,42.0,17341,18758,30430,762,189,150
1272,2025-06-25,Reel,207.0,13.0,18,54,2278.0,122.0,311.0,164.0,17352,28411,41275,840,221,265
1273,2025-06-26,Image,157.0,6.0,17,0,468.0,41.0,76.0,21.0,17362,5890,7621,148,21,28
1274,2025-06-27,Image,232.0,10.0,23,0,478.0,34.0,41.0,59.0,17373,8650,14682,393,24,69
1275,2025-06-28,Carousel,145.0,13.0,22,0,649.0,33.0,87.0,59.0,17383,14235,19134,619,179,85
1276,2025-06-29,Reel,192.0,11.0,7,34,1564.0,149.0,352.0,122.0,17394,18133,20854,770,152,259
1277,2025-06-30,Reel,120.0,19.0,12,64,1843.0,61.0,212.0,118.0,17404,21641,26850,1168,100,302
1278,2025-07-01,Reel,117.0,18.0,10,70,1071.0,69.0,257.0,119.0,17415,17466,28855,248,26,81
1279,2025-07-02,Reel,288.0,8.0,17,25,1249.0,57.0,77.0,61.0,17425,15949,18580,255,55,56
1280,2025-07-03,Reel,297.0,18.0,6,73,,59.0,357.0,45.0,17436,16772,21115,988,184,246
1281,2025-07-04,Reel,118.0,4.0,10,8,990.0,73.0,123.0,135.0,17446,17110,24515,956,79,291
1282,2025-07-05,Carousel,203.0,13.0,9,0,1090.0,36.0,268.0,108.0,17457,15490,20300,517,140,124
1283,2025-07-06,Story,178.0,20.0,9,14,577.0,45.0,97.0,91.0,17467,7506,12279,176,51,45
1284,2025-07-07,Image,114.0,4.0,22,0,375.0,33.0,77.0,24.0,17478,8999,14661,508,65,56
1285,2025-07-08,Reel,285.0,1.0,13,70,947.0,63.0,150.0,147.0,17488,22861,36911,1109,93,215
1286,2025-07-09,Reel,201.0,19.0,9,23,646.0,27.0,76.0,99.0,17499,16216,24055,401,65,55
1287,2025-07-10,Reel,38.0,18.0,9,82,1771.0,131.0,430.0,94.0,17509,19195,24243,418,123,93
1288,2025-07-11,Story,76.0,10.0,17,14,145.0,13.0,28.0,15.0,17520,3993,4781,172,13,40
1289,2025-07-12,Reel,288.0,20.0,7,85,1126.0,40.0,123.0,38.0,17530,20034,33013,783,82,125
1290,2025-07-13,Image,95.0,4.0,14,0,1034.0,82.0,257.0,156.0,17541,11119,17968,495,39,66
1291,2025-07-14,Image,194.0,15.0,20,0,450.0,33.0,61.0,67.0,17551,12484,16267,547,144,189
1292,2025-07-15,Reel,62.0,0.0,10,23,836.0,86.0,117.0,42.0,17562,18575,25218,307,38,46
1293,2025-07-16,Story,125.0,17.0,18,10,336.0,21.0,20.0,49.0,17572,6832,11149,297,52,39
1294,2025-07-17,Reel,296.0,10.0,19,86,1663.0,93.0,375.0,77.0,17583,29340,34315,1678,107,288
1295,2025-07-18,Story,181.0,19.0,18,9,637.0,57.0,39.0,33.0,17593,8639,11090,120,6,11
1296,2025-07-19,Reel,270.0,16.0,16,8,1373.0,63.0,280.0,118.0,17604,19960,31296,1112,227,348
1297,2025-07-20,Carousel,183.0,10.0,14,0,1073.0,92.0,152.0,126.0,17614,15942,25362,836,51,206
1298,2025-07-21,Reel,44.0,16.0,20,47,2066.0,215.0,292.0,117.0,17625,33325,55133,1308,328,209
1299,2025-07-22,Reel,241.0,8.0,6,47,1693.0,154.0,201.0,239.0,17635,18599,21946,479,74,55
1300,2025-07-23,Reel,26.0,3.0,20,25,2380.0,80.0,372.0,305.0,17646,29948,40116,1083,108,265
1301,2025-07-24,Carousel,22.0,1.0,13,0,1379.0,114.0,148.0,110.0,17656,15020,20504,641,138,139
1302,2025-07-25,Image,211.0,5.0,11,0,386.0,32.0,66.0,29.0,17667,9051,15350,504,46,130
1303,2025-07-26,Reel,275.0,19.0,19,60,1792.0,74.0,325.0,181.0,17677,34184,52158,369,109,40
1304,2025-07-27,Reel,203.0,7.0,12,49,1183.0,102.0,208.0,178.0,17688,22395,32434,915,189,272
1305,2025-07-28,Reel,231.0,0.0,16,77,,112.0,219.0,162.0,17698,17471,22163,182,12,45
1306,2025-07-29,Reel,126.0,20.0,19,44,2221.0,186.0,215.0,286.0,17709,28864,45622,520,105,57
1307,2025-07-30,Image,288.0,1.0,23,0,673.0,39.0,164.0,69.0,17719,8222,10124,452,101,116
1308,2025-07-31,Reel,64.0,12.0,21,85,1392.0,56.0,119.0,144.0,17730,30261,43591,859,224,250
1309,2025-08-01,Carousel,35.0,15.0,10,0,1242.0,75.0,241.0,82.0,17740,13269,18283,151,14,34
1310,2025-08-02,Reel,168.0,2.0,18,75,1947.0,204.0,359.0,171.0,17751,27046,45351,353,61,87
1311,2025-08-03,Carousel,241.0,19.0,19,0,1002.0,93.0,140.0,82.0,17761,20760,34191,674,190,120
1312,2025-08-04,Reel,177.0,1.0,13,72,1515.0,115.0,200.0,192.0,17772,21686,25331,800,95,67
1313,2025-08-05,Reel,131.0,5.0,22,49,1320.0,61.0,289.0,146.0,17782,20514,28475,252,32,62
1314,2025-08-06,Reel,84.0,17.0,13,49,1866.0,198.0,122.0,186.0,17793,22694,28170,296,62,28
1315,2025-08-07,Image,289.0,15.0,11,0,435.0,23.0,57.0,27.0,17803,5221,7178,79,14,16
1316,2025-08-08,Image,48.0,15.0,20,0,661.0,69.0,97.0,67.0,17814,14618,19912,259,42,74
1317,2025-08-09,Reel,33.0,11.0,7,53,2091.0,132.0,225.0,327.0,17824,22706,37400,775,141,215
1318,2025-08-10,Reel,127.0,1.0,15,22,2123.0,203.0,468.0,135.0,17835,25067,36480,1231,294,238
1319,2025-08-11,Story,83.0,18.0,9,14,249.0,14.0,21.0,33.0,17845,2629,3618,67,9,14
1320,2025-08-12,Reel,284.0,19.0,11,37,1426.0,99.0,355.0,198.0,17856,19806,32155,1122,76,326
1321,2025-08-13,Carousel,294.0,2.0,16,0,893.0,,93.0,78.0,17866,12146,19964,434,90,100
1322,2025-08-14,Image,85.0,12.0,21,0,611.0,24.0,66.0,95.0,17877,13405,17695,608,34,146
1323,2025-08-15,Carousel,231.0,11.0,6,0,656.0,62.0,158.0,21.0,17887,13392,17494,676,76,154
1324,2025-08-16,Reel,48.0,15.0,14,77,1819.0,187.0,381.0,147.0,17898,24655,31113,637,144,205
1325,2025-08-17,Reel,155.0,10.0,12,48,1567.0,128.0,226.0,58.0,17908,27498,32431,397,52,72
1326,2025-08-18,Reel,186.0,6.0,12,58,1765.0,66.0,391.0,226.0,17919,21360,30677,522,59,171
1327,2025-08-19,Reel,236.0,1.0,23,73,1461.0,44.0,281.0,94.0,17929,17916,27698,996,287,336
1328,2025-08-20,Story,100.0,3.0,8,11,413.0,22.0,75.0,59.0,17940,4911,7118,51,13,7
1329,2025-08-21,Reel,215.0,17.0,21,48,1054.0,46.0,142.0,118.0,17950,27415,44809,943,220,298
1330,2025-08-22,Image,264.0,14.0,14,0,705.0,76.0,60.0,27.0,17961,8906,10598,351,93,69
1331,2025-08-23,Reel,42.0,1.0,11,50,1152.0,119.0,260.0,89.0,17971,21968,34661,977,148,155
1332,2025-08-24,Reel,112.0,0.0,12,51,1569.0,112.0,222.0,185.0,17982,28435,47419,1031,204,220
1333,2025-08-25,Image,215.0,2.0,11,0,441.0,13.0,109.0,69.0,17992,7793,13085,140,33,34
1334,2025-08-26,Image,107.0,14.0,11,0,641.0,20.0,109.0,95.0,18003,7346,12380,190,51,20
1335,2025-08-27,Carousel,164.0,5.0,23,0,1085.0,87.0,104.0,137.0,18014,14829,22445,859,61,181
1336,2025-08-28,Reel,186.0,11.0,8,49,1059.0,98.0,155.0,72.0,18024,21408,31347,987,288,280
1337,2025-08-29,Reel,100.0,11.0,11,86,1198.0,50.0,264.0,175.0,18035,17267,21961,547,101,117
1338,2025-08-30,Reel,79.0,7.0,10,20,1225.0,118.0,285.0,134.0,18045,17768,23168,493,147,92
1339,2025-08-31,Story,83.0,8.0,21,15,679.0,27.0,141.0,65.0,18056,9076,11212,121,32,33
1340,2025-09-01,Image,69.0,10.0,22,0,590.0,54.0,79.0,63.0,18066,7825,12238,121,8,23
1341,2025-09-02,Carousel,114.0,20.0,14,0,707.0,38.0,96.0,43.0,18077,15825,19675,541,162,142
1342,2025-09-03,Reel,147.0,3.0,21,52,2663.0,196.0,274.0,127.0,18087,30116,45111,846,130,171
1343,2025-09-04,Image,144.0,,16,0,774.0,62.0,159.0,66.0,18098,9558,14149,560,105,143
1344,2025-09-05,Reel,83.0,9.0,14,55,2135.0,83.0,230.0,125.0,18108,24536,28428,587,121,118
1345,2025-09-06,Story,159.0,5.0,6,5,411.0,39.0,87.0,28.0,18119,5797,9172,141,15,17
1346,2025-09-07,Reel,106.0,15.0,12,24,1090.0,85.0,136.0,134.0,18129,25378,40990,440,114,77
1347,2025-09-08,Story,90.0,2.0,13,8,247.0,26.0,43.0,,18140,5747,8459,203,30,22
1348,2025-09-09,Carousel,108.0,4.0,8,0,1216.0,102.0,211.0,182.0,18150,13399,20904,597,73,138
1349,2025-09-10,Story,20.0,16.0,23,12,367.0,35.0,46.0,16.0,18161,5991,9305,309,50,107
1350,2025-09-11,Image,105.0,1.0,7,0,855.0,50.0,207.0,72.0,18171,9205,13386,207,38,20
1351,2025-09-12,Carousel,59.0,20.0,6,0,1166.0,72.0,157.0,146.0,18182,12949,19748,388,39,123
1352,2025-09-13,Reel,234.0,19.0,18,21,2103.0,116.0,468.0,269.0,18192,30857,38983,1183,307,137
1353,2025-09-14,Reel,95.0,12.0,10,44,936.0,68.0,199.0,105.0,18203,20708,24174,429,120,149
1354,2025-09-15,Reel,67.0,18.0,22,17,1485.0,83.0,341.0,85.0,18213,16696,25653,212,37,37
1355,2025-09-16,Reel,275.0,17.0,17,71,1407.0,93.0,288.0,124.0,18224,19696,24499,662,138,122
1356,2025-09-17,Story,292.0,18.0,16,14,223.0,23.0,17.0,21.0,18234,3433,4223,183,52,61
1357,2025-09-18,Image,178.0,5.0,9,0,333.0,10.0,50.0,28.0,18245,9316,15351,374,55,95
1358,2025-09-19,Image,296.0,5.0,22,0,272.0,20.0,45.0,12.0,18255,7095,9554,134,19,45
1359,2025-09-20,Reel,12.0,17.0,15,20,1912.0,109.0,146.0,227.0,18266,25542,31312,1443,195,315
1360,2025-09-21,Carousel,75.0,14.0,8,0,959.0,68.0,149.0,135.0,18276,13355,16082,364,52,30
1361,2025-09-22,Reel,89.0,11.0,21,26,2717.0,179.0,554.0,275.0,18287,29170,41758,618,156,104
1362,2025-09-23,Reel,150.0,2.0,15,7,986.0,31.0,84.0,148.0,18297,23440,28404,759,171,123
1363,2025-09-24,Reel,278.0,19.0,10,28,955.0,93.0,193.0,130.0,18308,20388,26337,1144,266,148
1364,2025-09-25,Carousel,65.0,2.0,16,0,972.0,91.0,196.0,91.0,18318,11449,17329,382,84,72
1365,2025-09-26,Reel,170.0,13.0,23,71,700.0,42.0,170.0,89.0,18329,17251,23962,676,55,69
1366,2025-09-27,Reel,187.0,4.0,23,37,939.0,91.0,149.0,63.0,18339,22026,27890,944,53,247
1367,2025-09-28,Reel,271.0,17.0,22,89,994.0,60.0,231.0,57.0,18350,22162,32462,1116,314,325
1368,2025-09-29,Reel,46.0,13.0,13,57,1666.0,82.0,287.0,252.0,18360,26987,34605,1163,250,189
1369,2025-09-30,Reel,63.0,16.0,18,49,2264.0,232.0,461.0,341.0,18371,31547,52673,1486,412,370
1370,2025-10-01,Reel,28.0,0.0,8,39,1044.0,58.0,248.0,50.0,18381,18007,28641,890,128,214
1371,2025-10-02,Reel,176.0,19.0,20,42,1207.0,38.0,285.0,156.0,18392,31807,46656,1754,522,361
1372,2025-10-03,Reel,184.0,11.0,12,33,1606.0,79.0,119.0,89.0,18402,22260,25851,237,63,63
1373,2025-10-04,Reel,192.0,12.0,8,50,1451.0,76.0,238.0,72.0,18413,18369,30184,218,27,43
1374,2025-10-05,Carousel,31.0,13.0,20,0,1396.0,76.0,177.0,97.0,18423,22242,36936,535,77,132
1375,2025-10-06,Reel,64.0,0.0,22,43,791.0,27.0,60.0,118.0,18434,20213,31110,1016,83,187
1376,2025-10-07,Reel,30.0,5.0,10,67,910.0,29.0,217.0,85.0,18444,20694,24507,1069,167,127
1377,2025-10-08,Reel,155.0,5.0,11,59,1217.0,75.0,286.0,47.0,18455,20616,34920,1149,223,190
1378,2025-10-09,Image,297.0,1.0,23,0,764.0,57.0,100.0,69.0,18465,9878,15555,322,89,85
1379,2025-10-10,Carousel,139.0,16.0,19,0,1201.0,126.0,182.0,107.0,18476,21266,30058,1188,209,314
1380,2025-10-11,Reel,52.0,15.0,21,64,2574.0,174.0,550.0,387.0,18486,32032,37368,1788,109,272
1381,2025-10-12,Reel,143.0,13.0,9,76,1903.0,98.0,134.0,106.0,18497,21222,32884,895,85,298
1382,2025-10-13,Carousel,98.0,11.0,23,0,823.0,27.0,127.0,31.0,18507,11293,13225,443,52,49
1383,2025-10-14,Reel,182.0,10.0,18,62,3126.0,232.0,519.0,496.0,18518,34331,49384,1452,294,386
1384,2025-10-15,Reel,193.0,11.0,17,76,1649.0,132.0,186.0,201.0,18528,18257,27095,490,93,57
1385,2025-10-16,Image,178.0,0.0,20,0,720.0,24.0,178.0,104.0,18539,11682,18896,143,29,42
1386,2025-10-17,Image,205.0,19.0,15,0,821.0,70.0,190.0,121.0,18549,10811,13272,409,64,96
1387,2025-10-18,Carousel,133.0,2.0,11,0,1012.0,102.0,231.0,160.0,18560,15430,21011,761,197,142
1388,2025-10-19,Reel,215.0,9.0,21,15,3087.0,201.0,,327.0,18570,32644,46190,1241,129,278
1389,2025-10-20,Image,176.0,4.0,7,0,538.0,51.0,93.0,78.0,18581,6098,8897,119,13,15
1390,2025-10-21,Reel,90.0,19.0,11,67,1104.0,72.0,214.0,89.0,18591,20141,23937,697,200,88
1391,2025-10-22,Reel,72.0,8.0,11,51,1727.0,147.0,196.0,116.0,18602,18555,29308,278,82,89
1392,2025-10-23,Image,208.0,9.0,14,0,588.0,24.0,129.0,93.0,18612,13318,22134,515,149,55
1393,2025-10-24,Carousel,247.0,20.0,14,0,1403.0,104.0,349.0,62.0,18623,16307,24605,808,142,212
1394,2025-10-25,Story,138.0,18.0,8,4,238.0,14.0,48.0,17.0,18633,3499,5872,121,28,33
1395,2025-10-26,Carousel,93.0,11.0,17,0,756.0,36.0,140.0,115.0,18644,14080,18928,632,87,58
1396,2025-10-27,Reel,169.0,19.0,8,55,1402.0,79.0,258.0,213.0,18654,19428,29192,566,54,66
1397,2025-10-28,Carousel,284.0,14.0,17,0,539.0,51.0,92.0,28.0,18665,12825,16270,152,33,43
1398,2025-10-29,Image,,6.0,7,0,1155.0,106.0,223.0,173.0,18675,12227,16813,630,67,97
1399,2025-10-30,Reel,171.0,13.0,17,72,820.0,35.0,92.0,40.0,18686,18355,24709,1066,138,290
1400,2025-10-31,Reel,294.0,19.0,22,81,690.0,43.0,58.0,91.0,18696,18557,29059,829,83,191
1401,2025-11-01,Carousel,268.0,5.0,6,0,1085.0,98.0,189.0,101.0,18707,11663,19339,618,167,165
1402,2025-11-02,Reel,251.0,4.0,18,87,2272.0,240.0,,217.0,18717,35148,52013,1889,400,515
1403,2025-11-03,Image,135.0,6.0,17,0,499.0,17.0,50.0,16.0,18728,5373,8099,231,43,62
1404,2025-11-04,Image,188.0,10.0,8,0,,49.0,139.0,69.0,18738,10462,16239,136,14,40
1405,2025-11-05,Reel,291.0,15.0,21,44,2302.0,190.0,388.0,361.0,18749,32823,46149,1859,227,577
1406,2025-11-06,Reel,110.0,0.0,14,34,2192.0,70.0,427.0,242.0,18759,26259,32674,685,102,191
1407,2025-11-07,Reel,266.0,14.0,6,10,1408.0,151.0,218.0,157.0,18770,20319,27858,204,25,33
1408,2025-11-08,Reel,282.0,19.0,8,84,1111.0,86.0,276.0,42.0,18780,18004,21797,1009,172,334
1409,2025-11-09,Story,51.0,14.0,18,7,614.0,23.0,51.0,64.0,18791,11380,15244,364,43,65
1410,2025-11-10,Reel,116.0,5.0,13,45,1055.0,76.0,195.0,163.0,18801,25562,34468,550,153,156
1411,2025-11-11,Image,213.0,2.0,10,0,441.0,37.0,91.0,23.0,18812,7220,11657,97,13,15
1412,2025-11-12,Reel,161.0,18.0,8,39,816.0,87.0,107.0,95.0,18822,18894,30662,457,133,95
1413,2025-11-13,Carousel,25.0,5.0,16,0,562.0,43.0,120.0,65.0,18833,12259,15711,604,142,205
1414,2025-11-14,Carousel,65.0,9.0,17,0,468.0,43.0,110.0,59.0,18843,12389,14919,682,151,198
1415,2025-11-15,Carousel,107.0,10.0,19,0,1128.0,96.0,196.0,104.0,18854,24373,37558,1243,225,101
1416,2025-11-16,Reel,20.0,2.0,17,16,935.0,38.0,87.0,71.0,18864,21895,25208,265,21,84
1417,2025-11-17,Image,294.0,15.0,7,0,341.0,23.0,26.0,43.0,18875,6818,11327,370,101,55
1418,2025-11-18,Reel,46.0,16.0,12,30,2097.0,230.0,435.0,271.0,18885,24710,34523,741,215,240
1419,2025-11-19,Reel,296.0,16.0,15,45,1827.0,155.0,384.0,60.0,18896,23023,31805,710,198,175
1420,2025-11-20,Carousel,65.0,3.0,13,0,1142.0,38.0,267.0,150.0,18906,16728,23748,977,69,179
1421,2025-11-21,Reel,252.0,16.0,15,40,1651.0,158.0,250.0,231.0,18917,21566,34974,399,30,115
1422,2025-11-22,Reel,126.0,3.0,21,66,1647.0,81.0,221.0,154.0,18927,32875,51276,1848,261,304
1423,2025-11-23,Story,268.0,4.0,6,7,598.0,28.0,117.0,42.0,18938,7381,8767,363,73,91
1424,2025-11-24,Story,296.0,15.0,16,8,411.0,27.0,47.0,21.0,18948,8222,9844,282,71,68
1425,2025-11-25,Story,192.0,6.0,10,5,289.0,30.0,30.0,28.0,18959,5368,9110,241,23,71
1426,2025-11-26,Story,216.0,5.0,20,13,621.0,26.0,149.0,96.0,18969,9181,14734,471,99,93
1427,2025-11-27,Reel,50.0,3.0,17,33,899.0,60.0,166.0,33.0,18980,19063,27663,394,23,128
1428,2025-11-28,Reel,72.0,15.0,21,23,1076.0,52.0,176.0,99.0,18990,29961,50343,775,75,146
1429,2025-11-29,Reel,54.0,14.0,13,62,1848.0,196.0,209.0,260.0,19001,25239,41602,907,51,75
1430,2025-11-30,Reel,193.0,3.0,10,6,2079.0,70.0,308.0,286.0,19012,23731,33934,936,125,220
1431,2025-12-01,Image,101.0,11.0,9,0,385.0,35.0,60.0,14.0,19022,9253,15083,395,24,33
1432,2025-12-02,Reel,299.0,11.0,9,31,1028.0,54.0,185.0,82.0,19033,20367,28892,259,24,63
1433,2025-12-03,Reel,82.0,0.0,12,30,905.0,37.0,110.0,60.0,19043,25648,43473,351,89,110
1434,2025-12-04,Reel,18.0,9.0,20,33,1218.0,87.0,197.0,175.0,19054,30079,39508,808,176,116
1435,2025-12-05,Reel,140.0,15.0,15,79,1354.0,72.0,195.0,136.0,19064,24583,30680,770,77,234
1436,2025-12-06,Reel,207.0,7.0,17,71,1165.0,67.0,113.0,143.0,19075,18755,30806,642,43,90
1437,2025-12-07,Story,30.0,7.0,20,14,504.0,22.0,32.0,41.0,19085,7043,10713,70,4,9
1438,2025-12-08,Reel,255.0,18.0,7,49,957.0,60.0,152.0,69.0,19096,21613,34391,712,74,133
1439,2025-12-09,Carousel,295.0,5.0,22,0,,36.0,194.0,71.0,19106,14422,20453,347,64,87
1440,2025-12-10,Story,24.0,4.0,8,9,470.0,27.0,70.0,49.0,19117,8608,10564,105,12,29
1441,2025-12-11,Reel,166.0,4.0,23,45,1223.0,78.0,239.0,168.0,19127,20788,30261,714,171,86
1442,2025-12-12,Carousel,250.0,11.0,6,0,630.0,58.0,85.0,89.0,19138,14875,23322,267,44,51
1443,2025-12-13,Story,101.0,1.0,11,15,195.0,6.0,36.0,26.0,19148,5424,8737,55,7,12
1444,2025-12-14,Carousel,121.0,14.0,19,0,899.0,74.0,105.0,101.0,19159,22611,32814,775,231,138
1445,2025-12-15,Reel,133.0,9.0,22,72,1105.0,99.0,173.0,99.0,19169,19566,22697,563,92,83
1446,2025-12-16,Image,281.0,5.0,23,0,538.0,53.0,72.0,65.0,19180,8597,12709,194,49,29
1447,2025-12-17,Story,211.0,9.0,22,11,563.0,34.0,139.0,35.0,19190,6141,7490,336,24,38
1448,2025-12-18,Carousel,245.0,14.0,10,0,590.0,23.0,76.0,22.0,19201,11267,17256,196,58,25
1449,2025-12-19,Carousel,26.0,11.0,18,0,1000.0,101.0,245.0,62.0,19211,20176,25338,423,65,105
1450,2025-12-20,Carousel,19.0,4.0,18,0,1584.0,65.0,227.0,98.0,19222,21566,33894,368,57,91
1451,2025-12-21,Reel,253.0,5.0,15,42,970.0,64.0,89.0,52.0,19232,26465,37174,539,156,120
1452,2025-12-22,Image,72.0,9.0,16,0,895.0,65.0,158.0,68.0,19243,9971,13918,281,48,64
1453,2025-12-23,Reel,265.0,7.0,15,44,1058.0,93.0,87.0,149.0,19253,22378,34400,366,95,109
1454,2025-12-24,Reel,145.0,16.0,13,54,865.0,59.0,124.0,125.0,19264,23440,31325,295,56,49
1455,2025-12-25,Reel,75.0,18.0,10,28,1215.0,53.0,169.0,55.0,19274,19533,28614,790,55,79
1456,2025-12-26,Image,,2.0,14,0,970.0,69.0,128.0,37.0,19285,12216,19452,242,58,27
1457,2025-12-27,Story,95.0,5.0,7,15,552.0,31.0,120.0,55.0,19295,6456,9849,172,16,20
1458,2025-12-28,Image,136.0,10.0,12,0,581.0,46.0,44.0,57.0,19306,13411,20193,571,90,104
1459,2025-12-29,Image,46.0,13.0,14,0,442.0,29.0,29.0,69.0,19316,11117,17630,550,72,134
1460,2025-12-30,Reel,75.0,9.0,22,28,1619.0,167.0,354.0,207.0,19327,19849,28860,348,26,57
1461,2025-12-31,Carousel,232.0,4.0,14,0,1587.0,138.0,126.0,133.0,19337,18252,22435,308,45,105
1462,2026-01-01,Story,194.0,20.0,17,4,249.0,14.0,38.0,30.0,19348,4368,5168,108,19,14
1463,2026-01-02,Reel,167.0,12.0,14,88,2349.0,142.0,393.0,373.0,19358,25982,30245,1152,141,303
1464,2026-01-03,Reel,252.0,0.0,20,74,3271.0,356.0,513.0,459.0,19369,35141,50751,707,142,145
1465,2026-01-04,Carousel,137.0,5.0,8,0,1304.0,103.0,100.0,91.0,19379,14006,17144,427,63,92
1466,2026-01-05,Image,186.0,15.0,10,0,552.0,58.0,122.0,70.0,19390,10516,14355,266,78,26
1467,2026-01-06,Image,242.0,12.0,19,0,651.0,68.0,48.0,27.0,19400,16062,25283,901,190,209
1468,2026-01-07,Image,138.0,9.0,18,0,1087.0,89.0,254.0,37.0,19411,13380,20392,424,54,44
1469,2026-01-08,Reel,52.0,3.0,16,59,1860.0,85.0,451.0,277.0,19421,22318,32170,247,21,71
1470,2026-01-09,Story,299.0,2.0,9,8,226.0,7.0,43.0,33.0,19432,4514,5403,57,10,13
1471,2026-01-10,Image,,8.0,13,0,602.0,34.0,68.0,33.0,19442,13344,22414,782,66,108
1472,2026-01-11,Story,105.0,17.0,11,7,368.0,31.0,46.0,51.0,19453,4991,8305,186,30,55
1473,2026-01-12,Reel,197.0,12.0,13,28,2328.0,252.0,213.0,83.0,19463,24575,38375,417,110,43
1474,2026-01-13,Reel,165.0,19.0,9,31,1706.0,72.0,117.0,66.0,19474,20587,28722,954,96,202
1475,2026-01-14,Reel,63.0,11.0,18,13,1873.0,196.0,367.0,204.0,19484,31118,50008,903,192,310
1476,2026-01-15,Reel,218.0,15.0,13,34,1259.0,76.0,136.0,52.0,19495,25347,41212,1127,156,178
1477,2026-01-16,Carousel,20.0,8.0,17,0,615.0,41.0,116.0,52.0,19505,12247,17453,191,43,54
1478,2026-01-17,Image,178.0,3.0,21,0,1230.0,93.0,87.0,115.0,19516,15086,22159,318,90,91
1479,2026-01-18,Reel,233.0,20.0,17,25,1111.0,67.0,266.0,130.0,19526,21451,34229,329,56,100
1480,2026-01-19,Reel,192.0,16.0,11,14,759.0,59.0,135.0,,19537,19084,31175,409,76,57
1481,2026-01-20,Story,91.0,13.0,19,15,412.0,23.0,67.0,62.0,19547,7866,10469,427,31,51
1482,2026-01-21,Story,211.0,14.0,12,12,608.0,63.0,117.0,21.0,19558,6916,10549,301,67,77
1483,2026-01-22,Carousel,202.0,9.0,23,0,1408.0,125.0,203.0,160.0,19568,15265,18432,914,213,243
1484,2026-01-23,Reel,63.0,5.0,20,39,2337.0,210.0,201.0,177.0,19579,31487,41089,483,97,116
1485,2026-01-24,Story,168.0,2.0,14,4,624.0,44.0,138.0,76.0,19589,7404,10968,305,88,46
1486,2026-01-25,Image,70.0,12.0,17,0,743.0,75.0,173.0,71.0,19600,14791,18526,584,46,85
1487,2026-01-26,Carousel,103.0,6.0,16,0,860.0,37.0,119.0,95.0,19610,14949,18857,774,65,267
1488,2026-01-27,Story,24.0,3.0,15,14,348.0,12.0,54.0,11.0,19621,6070,9668,264,47,82
1489,2026-01-28,Story,130.0,17.0,17,14,228.0,22.0,35.0,36.0,19631,2687,3563,118,10,17
1490,2026-01-29,Carousel,158.0,18.0,12,0,1481.0,103.0,175.0,128.0,19642,17196,25150,347,84,56
1491,2026-01-30,Reel,295.0,7.0,20,85,2582.0,280.0,313.0,345.0,19652,32732,39616,1106,300,194
1492,2026-01-31,Reel,290.0,7.0,11,83,1860.0,197.0,381.0,148.0,19663,23431,33304,1145,108,393
1493,2026-02-01,Reel,170.0,20.0,16,24,2077.0,65.0,346.0,105.0,19673,25495,29734,1256,234,378
1494,2026-02-02,Image,284.0,10.0,15,0,715.0,41.0,58.0,34.0,19684,11795,18724,704,172,70
1495,2026-02-03,Carousel,196.0,12.0,15,0,1470.0,132.0,263.0,145.0,19694,15672,19949,431,91,42
1496,2026-02-04,Reel,33.0,8.0,7,51,1169.0,66.0,266.0,124.0,19705,19029,28491,1060,199,92
1497,2026-02-05,Carousel,126.0,16.0,20,0,782.0,78.0,73.0,29.0,19715,21521,26189,588,38,124
1498,2026-02-06,Carousel,25.0,14.0,19,0,1283.0,77.0,200.0,119.0,19726,20738,31809,973,129,188
1499,2026-02-07,Reel,70.0,3.0,19,83,3249.0,355.0,650.0,298.0,19736,37778,57408,559,133,121
1500,2026-02-08,Reel,240.0,15.0,14,84,2181.0,192.0,256.0,188.0,19747,29266,48771,1586,88,265
1501,2026-02-09,Reel,178.0,17.0,21,48,2010.0,160.0,187.0,154.0,19757,32814,45733,347,45,75
1502,2026-02-10,Reel,144.0,8.0,19,29,1992.0,70.0,135.0,200.0,19768,34035,55012,1862,346,367
1503,2026-02-11,Story,276.0,13.0,20,14,942.0,102.0,132.0,64.0,19778,12072,19227,225,31,27
1504,2026-02-12,Reel,288.0,19.0,20,67,2170.0,237.0,473.0,71.0,19789,34315,51525,1307,185,251
1505,2026-02-13,Carousel,90.0,9.0,16,0,684.0,35.0,81.0,56.0,19799,13191,16329,210,26,21
1506,2026-02-14,Story,181.0,9.0,22,12,253.0,12.0,15.0,10.0,19810,4600,5758,263,38,51
1507,2026-02-15,Reel,268.0,8.0,18,10,1922.0,207.0,131.0,158.0,19820,33735,43881,1777,89,293
1508,2026-02-16,Reel,68.0,11.0,8,76,890.0,57.0,57.0,118.0,19831,20829,34252,1240,310,291
1509,2026-02-17,Image,124.0,8.0,15,0,653.0,33.0,43.0,69.0,19841,10040,11793,430,92,68
1510,2026-02-18,Reel,289.0,19.0,20,52,1586.0,48.0,197.0,59.0,19852,34298,46674,2011,551,227
1511,2026-02-19,Image,286.0,1.0,23,0,815.0,52.0,172.0,116.0,19862,10898,16832,584,33,46
1512,2026-02-20,Image,157.0,4.0,16,0,580.0,24.0,67.0,18.0,19873,13275,19372,619,92,67
1513,2026-02-21,Reel,269.0,4.0,22,37,2141.0,110.0,347.0,316.0,19883,23981,35985,820,135,165
1514,2026-02-22,Image,24.0,12.0,20,0,1164.0,107.0,183.0,150.0,19894,15893,25204,207,33,56
1515,2026-02-23,Reel,71.0,19.0,19,88,1648.0,130.0,284.0,249.0,19904,30802,47011,688,173,175
1516,2026-02-24,Carousel,96.0,14.0,13,0,623.0,50.0,149.0,83.0,19915,16752,21042,801,118,123
1517,2026-02-25,Story,225.0,2.0,8,5,400.0,28.0,93.0,13.0,19925,5524,8503,195,23,22
1518,2026-02-26,Reel,106.0,2.0,8,90,1136.0,35.0,276.0,166.0,19936,20605,31502,234,44,42
1519,2026-02-27,Carousel,219.0,0.0,17,0,498.0,52.0,94.0,27.0,19946,14069,22436,460,86,150
1520,2026-02-28,Reel,247.0,1.0,7,69,1373.0,41.0,148.0,42.0,19957,21361,34669,728,99,196
1521,2026-03-01,Carousel,148.0,14.0,11,0,1253.0,75.0,307.0,175.0,19967,13738,19796,528,52,114
1522,2026-03-02,Story,22.0,14.0,17,10,241.0,10.0,55.0,33.0,19978,4345,5285,252,53,30
1523,2026-03-03,Carousel,248.0,1.0,21,0,1587.0,154.0,382.0,219.0,19988,21926,37223,1031,79,341
1524,2026-03-04,Image,90.0,18.0,21,0,1049.0,59.0,250.0,140.0,19999,13446,22331,551,144,56
1525,2026-03-05,Reel,218.0,6.0,21,54,2962.0,99.0,402.0,371.0,20010,35171,48635,442,30,64
1526,2026-03-06,Reel,78.0,18.0,16,76,1361.0,64.0,319.0,172.0,20020,19545,28697,978,143,198
1527,2026-03-07,Reel,276.0,9.0,15,11,1737.0,134.0,386.0,52.0,20031,28257,38040,869,46,220
1528,2026-03-08,Image,230.0,10.0,14,0,1372.0,109.0,83.0,187.0,20041,14480,17670,701,41,230
1529,2026-03-09,Reel,101.0,5.0,12,35,2083.0,71.0,332.0,324.0,20052,24918,35284,1065,271,272
1530,2026-03-10,Reel,21.0,11.0,13,14,997.0,96.0,183.0,94.0,20062,23293,32196,1345,95,285
1531,2026-03-11,Story,67.0,12.0,19,6,716.0,72.0,62.0,28.0,20073,8303,12924,404,86,86
1532,2026-03-12,Carousel,221.0,17.0,20,0,1666.0,180.0,200.0,256.0,20083,21719,30911,777,175,235
1533,2026-03-13,Image,226.0,10.0,17,0,522.0,44.0,62.0,76.0,20094,9816,11705,377,74,34
1534,2026-03-14,Reel,97.0,13.0,12,50,2715.0,295.0,399.0,413.0,20104,28636,39544,620,107,75
1535,2026-03-15,Reel,22.0,20.0,12,75,2569.0,179.0,419.0,89.0,20115,28188,42968,938,268,207
1536,2026-03-16,Reel,203.0,10.0,20,46,2316.0,102.0,524.0,258.0,20125,34295,41573,677,99,165
1537,2026-03-17,Image,65.0,6.0,11,0,574.0,17.0,36.0,47.0,20136,7136,11151,375,111,54
1538,2026-03-18,Reel,115.0,18.0,17,70,1707.0,186.0,114.0,69.0,20146,23444,36366,680,202,112
1539,2026-03-19,Carousel,290.0,19.0,8,0,966.0,106.0,210.0,83.0,20157,12140,15892,437,74,107
1540,2026-03-20,Reel,72.0,20.0,19,60,1510.0,150.0,303.0,214.0,20167,31852,48856,835,245,179
1541,2026-03-21,Reel,109.0,18.0,17,17,1616.0,94.0,263.0,126.0,20178,23194,32502,1356,91,320
1542,2026-03-22,Story,264.0,14.0,9,11,464.0,34.0,28.0,27.0,20188,5700,7311,298,53,23
1543,2026-03-23,Story,101.0,15.0,16,12,456.0,38.0,31.0,38.0,20199,5509,6600,81,13,13
1544,2026-03-24,Image,212.0,19.0,14,0,670.0,72.0,40.0,25.0,20209,11789,13975,539,49,53
1545,2026-03-25,Reel,89.0,10.0,18,86,1536.0,120.0,143.0,186.0,20220,33912,43728,789,218,270
1546,2026-03-26,Image,73.0,16.0,21,0,608.0,33.0,128.0,94.0,20230,16261,19521,633,101,210
1547,2026-03-27,Image,103.0,8.0,16,0,1060.0,69.0,101.0,95.0,20241,11256,16492,190,39,60
1548,2026-03-28,Carousel,86.0,4.0,21,0,2238.0,169.0,327.0,242.0,20251,25524,30574,960,284,230
1549,2026-03-29,Image,246.0,19.0,11,0,627.0,54.0,72.0,37.0,20262,9783,13185,352,54,51
1550,2026-03-30,Reel,188.0,16.0,19,25,2607.0,125.0,499.0,195.0,20272,31049,45224,1268,332,328
1551,2026-03-31,Story,180.0,5.0,7,11,221.0,7.0,30.0,33.0,20283,3330,5319,166,19,14
1552,2026-04-01,Image,95.0,6.0,21,0,867.0,37.0,100.0,120.0,20293,14083,17681,784,208,258
1553,2026-04-02,Reel,33.0,0.0,6,24,1230.0,101.0,180.0,63.0,20304,20506,30265,1178,199,225
1554,2026-04-03,Reel,19.0,0.0,12,77,2046.0,222.0,228.0,291.0,20314,28500,42351,651,188,156
1555,2026-04-04,Reel,239.0,6.0,21,84,1614.0,60.0,322.0,122.0,20325,37744,63623,724,131,88
1556,2026-04-05,Image,131.0,15.0,10,0,770.0,27.0,71.0,40.0,20335,9598,15096,301,59,70
1557,2026-04-06,Reel,167.0,13.0,22,83,1042.0,59.0,107.0,83.0,20346,20298,30307,1043,93,296
1558,2026-04-07,Reel,217.0,20.0,13,88,2426.0,157.0,306.0,316.0,20356,26015,43567,444,70,70
1559,2026-04-08,Story,99.0,7.0,21,9,639.0,67.0,108.0,45.0,20367,8864,15064,236,42,28
1560,2026-04-09,Image,253.0,13.0,11,0,577.0,20.0,131.0,22.0,20377,7781,9660,129,10,25
1561,2026-04-10,Story,76.0,12.0,17,6,239.0,24.0,36.0,10.0,20388,5358,7971,191,53,30
1562,2026-04-11,Image,100.0,10.0,20,0,1448.0,136.0,329.0,182.0,20398,15612,23946,401,45,93
1563,2026-04-12,Story,290.0,0.0,7,9,648.0,67.0,139.0,53.0,20409,7571,11556,203,31,39
1564,2026-04-13,Reel,194.0,19.0,8,27,1400.0,82.0,349.0,219.0,20419,22163,25570,838,131,226
1565,2026-04-14,Reel,45.0,9.0,15,64,2326.0,118.0,510.0,216.0,20430,29732,47055,1738,481,550
1566,2026-04-15,Reel,91.0,19.0,11,60,870.0,30.0,177.0,125.0,20440,20854,28107,1169,227,207
1567,2026-04-16,Reel,248.0,4.0,18,87,2373.0,125.0,533.0,80.0,20451,31868,45297,528,65,67
1568,2026-04-17,Reel,168.0,11.0,9,24,865.0,45.0,193.0,126.0,20461,22649,35000,776,110,247
1569,2026-04-18,Reel,110.0,16.0,20,77,2272.0,156.0,457.0,268.0,20472,37243,57269,2088,394,539
1570,2026-04-19,Carousel,232.0,5.0,6,0,1294.0,101.0,233.0,123.0,20482,15597,18005,830,236,194
1571,2026-04-20,Reel,262.0,10.0,20,65,2182.0,80.0,377.0,314.0,20493,32271,48977,1913,489,483
1572,2026-04-21,Reel,139.0,5.0,20,67,2197.0,91.0,493.0,307.0,20503,35979,53885,1780,519,585
1573,2026-04-22,Reel,101.0,1.0,20,83,2962.0,211.0,412.0,433.0,20514,36104,46398,1865,356,172
1574,2026-04-23,Image,294.0,10.0,13,0,1245.0,91.0,305.0,173.0,20524,13171,15407,287,14,41
1575,2026-04-24,Reel,29.0,17.0,17,28,,63.0,149.0,117.0,20535,22593,37560,1106,246,91
1576,2026-04-25,Reel,182.0,14.0,12,37,2040.0,96.0,184.0,187.0,20545,27108,37954,315,77,58
1577,2026-04-26,Image,148.0,8.0,19,0,1787.0,62.0,284.0,183.0,20556,19170,29468,558,34,59
1578,2026-04-27,Reel,159.0,11.0,17,60,1234.0,96.0,,139.0,20566,21929,31107,362,46,60
1579,2026-04-28,Carousel,173.0,13.0,13,0,1665.0,176.0,134.0,219.0,20577,18257,26695,614,42,172
1580,2026-04-29,Story,268.0,12.0,11,15,266.0,21.0,56.0,35.0,20587,5675,9241,64,12,14
1581,2026-04-30,Image,129.0,16.0,7,0,676.0,22.0,106.0,100.0,20598,8324,12577,279,33,56
1582,2026-05-01,Image,37.0,8.0,21,0,1092.0,59.0,254.0,92.0,20608,14770,23682,743,122,216
1583,2026-05-02,Reel,31.0,15.0,16,33,1598.0,118.0,217.0,81.0,20619,20621,26971,422,66,137
1584,2026-05-03,Image,233.0,7.0,10,0,958.0,82.0,70.0,62.0,20629,10969,18114,235,57,36
1585,2026-05-04,Carousel,164.0,8.0,23,0,747.0,25.0,99.0,59.0,20640,13994,19057,536,99,65
1586,2026-05-05,Reel,114.0,11.0,17,77,1505.0,51.0,114.0,142.0,20650,20699,26338,352,92,47
1587,2026-05-06,Reel,199.0,16.0,23,36,1521.0,108.0,170.0,154.0,20661,18893,23508,319,82,101
1588,2026-05-07,Reel,289.0,17.0,19,57,1232.0,38.0,107.0,123.0,20671,33783,57271,1498,349,237
1589,2026-05-08,Story,163.0,6.0,23,9,353.0,22.0,41.0,40.0,20682,5983,7545,180,11,35
1590,2026-05-09,Carousel,36.0,1.0,17,0,1139.0,60.0,273.0,167.0,20692,15747,24834,675,138,190
1591,2026-05-10,Reel,121.0,14.0,23,82,1130.0,36.0,128.0,168.0,20703,19659,32231,1089,127,92
1592,2026-05-11,Reel,272.0,20.0,18,76,2069.0,86.0,260.0,,20713,34590,53944,1026,154,248
1593,2026-05-12,Image,257.0,4.0,19,0,1312.0,119.0,140.0,,20724,16702,19951,173,14,41
1594,2026-05-13,Story,41.0,4.0,7,12,392.0,24.0,64.0,45.0,20734,4733,7993,89,15,16
1595,2026-05-14,Reel,70.0,7.0,18,45,3003.0,241.0,313.0,302.0,20745,34063,42722,402,36,126
1596,2026-05-15,Carousel,160.0,19.0,16,0,744.0,45.0,140.0,74.0,20755,15564,26169,531,129,175
1597,2026-05-16,Image,259.0,8.0,11,0,584.0,35.0,99.0,77.0,20766,8820,10784,318,67,60
1598,2026-05-17,Carousel,123.0,5.0,6,0,953.0,51.0,195.0,40.0,20776,17089,20199,421,124,75
1599,2026-05-18,Carousel,129.0,1.0,11,0,1669.0,94.0,287.0,63.0,20787,17926,23506,678,200,139
1600,2026-05-19,Reel,285.0,9.0,13,5,1383.0,101.0,334.0,83.0,20797,25748,43492,1484,387,434
1601,2026-05-20,Carousel,226.0,2.0,13,0,689.0,46.0,146.0,100.0,20808,16922,27514,502,38,155
1602,2026-05-21,Reel,44.0,0.0,13,22,1312.0,49.0,90.0,150.0,20818,27966,46103,991,62,143
1603,2026-05-22,Story,109.0,5.0,6,4,308.0,12.0,76.0,22.0,20829,6279,7785,160,34,15
1604,2026-05-23,Reel,116.0,15.0,16,79,929.0,88.0,139.0,140.0,20839,23811,29217,1233,223,169
1605,2026-05-24,Reel,86.0,11.0,14,75,1087.0,54.0,163.0,135.0,20850,30826,43438,466,44,157
1606,2026-05-25,Reel,182.0,15.0,22,13,932.0,62.0,95.0,79.0,20860,21967,36258,651,74,91
1607,2026-05-26,Image,45.0,17.0,11,0,420.0,35.0,54.0,63.0,20871,7083,9261,254,45,68
1608,2026-05-27,Reel,228.0,0.0,7,11,1658.0,172.0,370.0,146.0,20881,19759,25744,1102,236,300
1609,2026-05-28,Reel,141.0,14.0,23,46,1990.0,128.0,342.0,105.0,20892,21027,32614,489,136,55
1610,2026-05-29,Carousel,275.0,15.0,15,0,1571.0,125.0,175.0,223.0,20902,17986,29863,457,97,46
1611,2026-05-30,Image,229.0,18.0,20,0,1140.0,38.0,211.0,71.0,20913,15600,24661,785,201,182
1612,2026-05-31,Reel,192.0,10.0,18,18,3477.0,148.0,821.0,483.0,20923,40884,50360,1730,207,595
1613,2026-06-01,Reel,282.0,13.0,6,87,1443.0,79.0,213.0,88.0,20934,21037,35125,1201,340,292
1614,2026-06-02,Reel,98.0,6.0,20,46,2936.0,269.0,438.0,127.0,20944,35076,53931,1126,160,388
1615,2026-06-03,Reel,248.0,11.0,12,50,1104.0,41.0,96.0,41.0,20955,26774,39880,1345,294,260
1616,2026-06-04,Reel,161.0,14.0,22,71,2217.0,68.0,396.0,139.0,20965,24410,41424,625,130,131
1617,2026-06-05,Carousel,104.0,17.0,19,0,1605.0,53.0,134.0,196.0,20976,21176,34237,540,55,98
1618,2026-06-06,Image,60.0,6.0,15,0,1240.0,69.0,149.0,186.0,20986,13637,21715,362,90,46
1619,2026-06-07,Story,139.0,3.0,20,7,650.0,37.0,103.0,39.0,20997,10649,15402,564,114,68
1620,2026-06-08,Reel,195.0,2.0,8,38,1227.0,69.0,282.0,119.0,21008,22369,27537,1056,113,281
1621,2026-06-09,Reel,193.0,5.0,10,64,1345.0,109.0,88.0,180.0,21018,21067,29721,796,132,226
1622,2026-06-10,Image,203.0,6.0,18,0,1483.0,132.0,89.0,178.0,21029,15674,23992,231,34,23
1623,2026-06-11,Reel,106.0,10.0,13,20,1573.0,169.0,210.0,85.0,21039,29031,35040,1660,472,245
1624,2026-06-12,Reel,74.0,1.0,11,85,1509.0,85.0,120.0,87.0,21050,20971,26654,556,61,87
1625,2026-06-13,Reel,149.0,5.0,14,17,2603.0,226.0,640.0,218.0,21060,29267,46378,963,263,288
1626,2026-06-14,Image,248.0,16.0,9,0,1163.0,116.0,142.0,96.0,21071,12509,16213,275,78,87
1627,2026-06-15,Image,147.0,9.0,18,0,1100.0,89.0,162.0,129.0,21081,14571,19519,252,44,30
1628,2026-06-16,Reel,47.0,11.0,23,10,1390.0,82.0,304.0,157.0,21092,24375,29508,438,52,144
1629,2026-06-17,Reel,94.0,6.0,8,54,1177.0,53.0,152.0,46.0,21102,19513,25191,344,33,69
1630,2026-06-18,Reel,106.0,13.0,9,25,1105.0,73.0,241.0,122.0,21113,21704,26792,1167,258,309
1631,2026-06-19,Reel,166.0,17.0,19,23,2858.0,240.0,465.0,162.0,21123,35451,50400,1937,367,379
1632,2026-06-20,Reel,232.0,11.0,22,12,1941.0,133.0,422.0,263.0,21134,23542,32287,707,41,171
1633,2026-06-21,Story,225.0,0.0,21,12,493.0,23.0,46.0,24.0,21144,7262,10955,388,74,47
1634,2026-06-22,Reel,103.0,15.0,6,41,1117.0,81.0,75.0,79.0,21155,22826,38084,1052,186,345
1635,2026-06-23,Carousel,86.0,6.0,22,0,710.0,45.0,78.0,74.0,21165,16515,20228,826,199,281
1636,2026-06-24,Image,119.0,16.0,6,0,558.0,39.0,138.0,58.0,21176,8987,13519,346,61,81
1637,2026-06-25,Reel,238.0,5.0,7,31,1773.0,149.0,356.0,89.0,21186,22845,28511,476,134,61
1638,2026-06-26,Story,235.0,6.0,6,4,343.0,10.0,35.0,24.0,21197,4779,6533,81,10,26
1639,2026-06-27,Carousel,140.0,16.0,8,0,1071.0,45.0,257.0,104.0,21207,14118,18985,620,87,104
1640,2026-06-28,Reel,101.0,16.0,18,11,2008.0,215.0,442.0,111.0,21218,38377,52769,1776,367,493
1641,2026-06-29,Reel,247.0,13.0,20,59,2561.0,112.0,177.0,344.0,21228,36635,44106,1799,258,251
1642,2026-06-30,Reel,196.0,15.0,23,54,815.0,79.0,193.0,44.0,21239,20811,29164,693,147,61
1643,2026-07-01,Reel,262.0,17.0,23,78,1261.0,108.0,82.0,127.0,21249,20006,26686,598,163,126
1644,2026-07-02,Reel,42.0,3.0,12,57,2059.0,170.0,130.0,68.0,21260,26254,37721,1451,339,485
1645,2026-07-03,Reel,134.0,12.0,12,35,2029.0,146.0,503.0,150.0,21270,27286,45133,728,68,247
1646,2026-07-04,Image,56.0,3.0,21,0,862.0,40.0,190.0,116.0,21281,18874,22673,912,256,141
1647,2026-07-05,Carousel,205.0,5.0,21,0,1922.0,60.0,192.0,186.0,21291,25732,33392,1027,170,201
1648,2026-07-06,Image,256.0,9.0,12,0,644.0,56.0,71.0,26.0,21302,11676,13800,314,32,75
1649,2026-07-07,Carousel,70.0,5.0,8,0,1312.0,65.0,83.0,83.0,21312,15340,22807,661,48,153
1650,2026-07-08,Reel,38.0,6.0,22,39,1989.0,170.0,310.0,70.0,21323,20959,27719,1104,84,249
1651,2026-07-09,Image,201.0,7.0,22,0,401.0,28.0,99.0,42.0,21333,9718,12896,294,73,44
1652,2026-07-10,Reel,167.0,6.0,8,79,1034.0,99.0,176.0,109.0,21344,26120,44042,561,71,52
1653,2026-07-11,Reel,224.0,10.0,12,43,2247.0,131.0,394.0,112.0,21354,31726,47822,990,75,162
1654,2026-07-12,Reel,113.0,1.0,10,64,1565.0,,359.0,194.0,21365,24196,31596,287,78,83
1655,2026-07-13,Image,48.0,16.0,10,0,,56.0,74.0,84.0,21375,9638,11166,117,30,9
1656,2026-07-14,Reel,10.0,19.0,14,50,2382.0,193.0,423.0,283.0,21386,26823,43948,376,43,127
1657,2026-07-15,Carousel,118.0,13.0,20,0,1320.0,129.0,292.0,181.0,21396,25108,33131,325,88,96
1658,2026-07-16,Reel,34.0,12.0,13,69,2140.0,134.0,139.0,115.0,21407,26088,30988,1504,384,454
1659,2026-07-17,Image,99.0,5.0,23,0,439.0,25.0,42.0,38.0,21417,9399,11589,195,32,19
1660,2026-07-18,Reel,207.0,16.0,9,72,2041.0,102.0,310.0,147.0,21428,21574,26295,648,107,226
1661,2026-07-19,Reel,93.0,18.0,15,15,1580.0,59.0,120.0,237.0,21438,30065,40378,536,55,75
1662,2026-07-20,Reel,85.0,7.0,19,77,2887.0,139.0,175.0,285.0,21449,37893,54308,1617,112,163
1663,2026-07-21,Reel,130.0,19.0,12,35,1867.0,90.0,313.0,270.0,21459,28320,47263,546,84,103
1664,2026-07-22,Carousel,219.0,3.0,8,0,562.0,49.0,39.0,46.0,21470,12728,17043,430,124,103
1665,2026-07-23,Story,84.0,5.0,6,15,430.0,37.0,84.0,33.0,21480,8054,10899,361,51,114
1666,2026-07-24,Carousel,37.0,7.0,20,0,1922.0,86.0,452.0,185.0,21491,21685,31506,450,75,75
1667,2026-07-25,Reel,100.0,16.0,9,27,1208.0,116.0,121.0,68.0,21501,21412,27423,600,60,112
1668,2026-07-26,Reel,154.0,18.0,14,79,2325.0,130.0,508.0,165.0,21512,30128,51021,815,118,256
1669,2026-07-27,Reel,58.0,2.0,21,53,3234.0,191.0,769.0,126.0,21522,38895,49794,1339,124,400
1670,2026-07-28,Reel,269.0,8.0,11,64,2188.0,178.0,452.0,298.0,21533,23896,39603,1145,117,153
1671,2026-07-29,Reel,279.0,5.0,12,32,1428.0,134.0,324.0,138.0,21543,29374,37076,1220,92,266
1672,2026-07-30,Carousel,272.0,20.0,17,0,1373.0,95.0,196.0,183.0,21554,15842,23135,479,68,160
1673,2026-07-31,Reel,209.0,2.0,20,35,1998.0,164.0,295.0,85.0,21564,36469,43983,970,76,282
1674,2026-08-01,Story,225.0,16.0,11,3,523.0,45.0,108.0,40.0,21575,8343,14101,339,83,72
1675,2026-08-02,Image,215.0,13.0,20,0,1190.0,43.0,88.0,160.0,21585,18491,30196,1017,91,100
1676,2026-08-03,Reel,32.0,10.0,23,60,2029.0,139.0,491.0,317.0,21596,22366,37807,601,33,166
1677,2026-08-04,Reel,103.0,18.0,7,48,1809.0,193.0,392.0,247.0,21606,23504,33864,1353,357,416
1678,2026-08-05,Image,121.0,6.0,21,0,669.0,39.0,117.0,87.0,21617,16400,22794,956,80,136
1679,2026-08-06,Image,254.0,11.0,13,0,915.0,83.0,100.0,57.0,21627,11144,16662,350,38,50
1680,2026-08-07,Reel,131.0,3.0,23,75,1150.0,81.0,146.0,101.0,21638,20637,27461,1197,69,235
1681,2026-08-08,Image,157.0,1.0,23,0,479.0,49.0,77.0,32.0,21648,10441,16466,270,21,36
1682,2026-08-09,Reel,241.0,6.0,17,89,2007.0,217.0,394.0,156.0,21659,21489,25585,1070,250,187
1683,2026-08-10,Carousel,256.0,17.0,12,0,1311.0,79.0,274.0,111.0,21669,19296,29175,646,190,64
1684,2026-08-11,Reel,146.0,6.0,17,86,1522.0,73.0,247.0,175.0,21680,22260,36082,542,84,103
1685,2026-08-12,Carousel,243.0,19.0,23,0,903.0,97.0,209.0,43.0,21690,13482,17914,771,191,237
1686,2026-08-13,Reel,158.0,17.0,9,70,1066.0,50.0,94.0,56.0,21701,21306,29851,249,33,67
1687,2026-08-14,Carousel,243.0,14.0,21,0,1787.0,56.0,431.0,90.0,21711,26267,33987,531,48,121
1688,2026-08-15,Image,153.0,20.0,23,0,,24.0,57.0,53.0,21722,11821,13773,260,56,71
1689,2026-08-16,Reel,96.0,7.0,11,30,1137.0,75.0,82.0,88.0,21732,22988,27271,1070,74,362
1690,2026-08-17,Reel,284.0,0.0,20,75,1853.0,193.0,187.0,261.0,21743,35706,48706,1410,419,366
1691,2026-08-18,Carousel,157.0,12.0,14,0,1175.0,103.0,108.0,183.0,21753,19293,26444,986,247,134
1692,2026-08-19,Story,240.0,5.0,23,3,210.0,13.0,20.0,21.0,21764,5940,8458,73,6,17
1693,2026-08-20,Carousel,289.0,19.0,11,0,1250.0,82.0,242.0,95.0,21774,13672,18381,291,69,71
1694,2026-08-21,Reel,290.0,4.0,17,19,782.0,59.0,81.0,42.0,21785,20571,33743,391,67,95
1695,2026-08-22,Image,207.0,9.0,13,0,668.0,25.0,134.0,100.0,21795,15097,18879,206,58,30
1696,2026-08-23,Image,75.0,4.0,19,0,1303.0,,281.0,79.0,21806,15485,19600,636,94,173
1697,2026-08-24,Image,34.0,2.0,10,0,513.0,49.0,110.0,36.0,21816,9548,14031,447,96,105
1698,2026-08-25,Reel,169.0,20.0,10,81,934.0,41.0,220.0,47.0,21827,21791,31131,1245,286,276
1699,2026-08-26,Image,283.0,12.0,15,0,640.0,22.0,91.0,40.0,21837,15515,24017,575,164,111
1700,2026-08-27,Story,122.0,10.0,21,3,565.0,62.0,102.0,60.0,21848,8097,12927,165,30,47
1701,2026-08-28,Reel,137.0,7.0,23,32,1971.0,74.0,241.0,232.0,21858,23064,31892,504,80,172
1702,2026-08-29,Reel,178.0,11.0,11,85,1537.0,71.0,374.0,93.0,21869,25319,30006,931,180,154
1703,2026-08-30,Reel,53.0,13.0,19,73,1509.0,130.0,316.0,232.0,21879,39102,53558,1298,226,122
1704,2026-08-31,Carousel,126.0,4.0,21,0,975.0,46.0,108.0,,21890,24770,41903,630,172,51
1705,2026-09-01,Image,72.0,9.0,6,0,947.0,101.0,115.0,48.0,21900,11462,17913,559,107,83
1706,2026-09-02,Image,250.0,8.0,11,0,381.0,21.0,81.0,18.0,21911,10034,15112,402,47,81
1707,2026-09-03,Reel,132.0,9.0,7,89,1377.0,45.0,147.0,203.0,21921,17735,22823,744,94,241
1708,2026-09-04,Carousel,87.0,7.0,23,0,1317.0,78.0,321.0,168.0,21932,15591,19003,386,56,65
1709,2026-09-05,Reel,136.0,11.0,19,43,2237.0,126.0,304.0,160.0,21942,39027,64327,2203,194,547
1710,2026-09-06,Reel,79.0,4.0,7,64,2331.0,155.0,168.0,208.0,21953,27437,39944,310,30,78
1711,2026-09-07,Story,81.0,2.0,23,8,270.0,24.0,16.0,10.0,21963,3107,4032,63,6,10
1712,2026-09-08,Carousel,106.0,10.0,19,0,1371.0,82.0,136.0,188.0,21974,21773,33654,677,73,126
1713,2026-09-09,Carousel,294.0,11.0,20,0,1315.0,103.0,114.0,99.0,21984,26242,43577,375,63,41
1714,2026-09-10,Image,126.0,1.0,20,0,789.0,31.0,108.0,77.0,21995,14866,22680,624,153,94
1715,2026-09-11,Reel,224.0,10.0,6,45,,73.0,229.0,251.0,22006,22082,27328,988,164,243
1716,2026-09-12,Carousel,53.0,11.0,21,0,1057.0,35.0,231.0,128.0,22016,26434,37548,986,205,95
1717,2026-09-13,Reel,55.0,7.0,22,29,1130.0,39.0,78.0,36.0,22027,24390,31133,1326,360,149
1718,2026-09-14,Reel,235.0,16.0,14,35,1247.0,133.0,225.0,119.0,22037,31982,38728,375,100,40
1719,2026-09-15,Reel,37.0,20.0,16,53,1594.0,100.0,328.0,187.0,22048,21576,33975,948,70,105
1720,2026-09-16,Story,112.0,8.0,12,14,521.0,42.0,32.0,61.0,22058,6427,10574,320,88,111
1721,2026-09-17,Reel,223.0,2.0,12,56,1707.0,118.0,259.0,207.0,22069,32732,37662,1354,291,331
1722,2026-09-18,Story,156.0,1.0,15,7,507.0,37.0,31.0,49.0,22079,7897,11876,144,17,18
1723,2026-09-19,Image,75.0,10.0,6,0,649.0,19.0,128.0,61.0,22090,13622,16253,808,152,185
1724,2026-09-20,Carousel,134.0,0.0,18,0,1434.0,52.0,256.0,206.0,22100,25692,33460,540,60,167
1725,2026-09-21,Reel,285.0,17.0,15,52,2778.0,148.0,182.0,98.0,22111,29959,42860,865,72,101
1726,2026-09-22,Story,186.0,9.0,11,15,311.0,26.0,47.0,23.0,22121,7127,10292,251,64,76
1727,2026-09-23,Reel,215.0,5.0,15,30,2441.0,157.0,153.0,200.0,22132,30303,40088,1317,146,283
1728,2026-09-24,Carousel,282.0,18.0,16,0,909.0,46.0,129.0,60.0,22142,12038,18832,624,163,53
1729,2026-09-25,Reel,22.0,11.0,7,50,1403.0,47.0,340.0,88.0,22153,21640,30905,1167,69,256
1730,2026-09-26,Reel,99.0,13.0,18,18,1836.0,68.0,384.0,67.0,22163,41276,59344,2343,660,506
1731,2026-09-27,Carousel,89.0,16.0,19,0,1355.0,73.0,174.0,216.0,22174,27948,45439,1039,227,317
1732,2026-09-28,Image,135.0,18.0,7,0,346.0,28.0,38.0,21.0,22184,7971,12313,332,58,111
1733,2026-09-29,Carousel,249.0,15.0,18,0,2168.0,160.0,366.0,102.0,22195,23328,32324,1261,144,125
1734,2026-09-30,Carousel,244.0,5.0,14,0,1920.0,93.0,398.0,245.0,22205,21129,27295,397,40,63
1735,2026-10-01,Reel,191.0,6.0,14,18,1213.0,120.0,274.0,188.0,22216,30413,35334,646,87,154
1736,2026-10-02,Reel,113.0,4.0,19,9,2958.0,192.0,470.0,350.0,22226,38271,44078,1039,116,329
1737,2026-10-03,Reel,249.0,0.0,22,86,998.0,88.0,101.0,142.0,22237,24341,37783,903,58,221
1738,2026-10-04,Image,247.0,13.0,18,0,1306.0,102.0,207.0,56.0,22247,20066,32585,875,46,278
1739,2026-10-05,Carousel,139.0,11.0,14,0,968.0,82.0,145.0,74.0,22258,21962,34463,814,163,202
1740,2026-10-06,Carousel,264.0,2.0,23,0,1184.0,67.0,193.0,53.0,22268,17289,26996,710,90,193
1741,2026-10-07,Reel,246.0,2.0,23,62,1468.0,139.0,275.0,164.0,22279,22338,28034,474,119,62
1742,2026-10-08,Reel,11.0,13.0,7,74,2154.0,205.0,502.0,278.0,22289,24506,34243,476,119,161
1743,2026-10-09,Reel,117.0,16.0,19,39,2884.0,89.0,280.0,88.0,22300,36860,59124,554,158,55
1744,2026-10-10,Story,39.0,12.0,7,12,583.0,49.0,95.0,69.0,22310,6965,8807,214,33,39
1745,2026-10-11,Image,124.0,6.0,15,0,1032.0,56.0,95.0,137.0,22321,12934,18495,298,32,30
1746,2026-10-12,Reel,89.0,1.0,6,24,837.0,64.0,205.0,126.0,22331,21164,24733,657,109,82
1747,2026-10-13,Carousel,140.0,20.0,23,0,902.0,41.0,220.0,70.0,22342,16803,21559,824,235,213
1748,2026-10-14,Reel,73.0,1.0,23,16,1266.0,125.0,199.0,114.0,22352,22633,26522,681,108,236
1749,2026-10-15,Carousel,23.0,11.0,19,0,2297.0,158.0,137.0,75.0,22363,24804,41448,1445,333,176
1750,2026-10-16,Reel,266.0,7.0,10,39,1062.0,74.0,242.0,73.0,22373,26557,36447,1439,396,165
1751,2026-10-17,Image,224.0,12.0,7,0,705.0,36.0,138.0,61.0,22384,12501,18430,537,56,159
1752,2026-10-18,Reel,190.0,19.0,9,10,1157.0,84.0,251.0,35.0,22394,29715,47257,1040,284,309
1753,2026-10-19,Reel,97.0,1.0,6,31,1277.0,83.0,262.0,76.0,22405,21755,25814,439,78,93
1754,2026-10-20,Reel,101.0,11.0,9,18,1243.0,129.0,228.0,56.0,22415,20265,26603,751,133,241
1755,2026-10-21,Carousel,100.0,8.0,10,0,510.0,55.0,65.0,65.0,22426,12922,21756,594,41,77
1756,2026-10-22,Reel,62.0,20.0,9,85,1696.0,148.0,341.0,182.0,22436,21204,29719,505,38,123
1757,2026-10-23,Reel,64.0,19.0,21,20,3355.0,105.0,414.0,156.0,22447,37510,63254,793,106,258
1758,2026-10-24,Image,251.0,18.0,10,0,323.0,12.0,57.0,43.0,22457,8890,12065,270,64,48
1759,2026-10-25,Image,183.0,19.0,19,0,1194.0,47.0,81.0,107.0,22468,16244,27525,418,36,50
1760,2026-10-26,Reel,27.0,17.0,19,11,3409.0,305.0,223.0,399.0,22478,38124,60178,570,110,85
1761,2026-10-27,Reel,145.0,11.0,6,79,1428.0,123.0,204.0,97.0,22489,23731,33643,272,28,43
1762,2026-10-28,Reel,43.0,9.0,15,6,2682.0,292.0,347.0,207.0,22499,31407,45416,1582,320,405
1763,2026-10-29,Image,94.0,18.0,19,0,1195.0,77.0,186.0,53.0,22510,19689,32550,310,76,76
1764,2026-10-30,Image,124.0,16.0,8,0,478.0,27.0,67.0,71.0,22520,10665,16087,359,27,55
1765,2026-10-31,Reel,139.0,13.0,16,46,1317.0,58.0,138.0,162.0,22531,22252,32091,1315,167,203
1766,2026-11-01,Reel,127.0,9.0,16,6,864.0,34.0,69.0,124.0,22541,23767,39557,625,109,85
1767,2026-11-02,Reel,101.0,13.0,23,44,1858.0,99.0,295.0,68.0,22552,22891,33134,273,51,51
1768,2026-11-03,Image,238.0,17.0,11,0,695.0,37.0,113.0,54.0,22562,9493,14647,398,40,62
1769,2026-11-04,Reel,63.0,8.0,6,12,1308.0,51.0,187.0,160.0,22573,22305,30549,1233,150,420
1770,2026-11-05,Reel,169.0,10.0,21,24,2040.0,104.0,385.0,181.0,22583,39862,50440,1254,69,241
1771,2026-11-06,Carousel,37.0,0.0,14,0,1071.0,45.0,249.0,103.0,22594,17146,27149,445,54,116
1772,2026-11-07,Image,173.0,13.0,7,0,447.0,16.0,43.0,70.0,22604,8289,9729,169,49,46
1773,2026-11-08,Carousel,26.0,15.0,8,0,826.0,70.0,160.0,97.0,22615,15389,25567,266,23,68
1774,2026-11-09,Carousel,106.0,12.0,10,0,898.0,85.0,157.0,129.0,22625,15973,18739,911,205,89
1775,2026-11-10,Story,222.0,5.0,19,4,726.0,40.0,47.0,56.0,22636,10341,16284,542,80,175
1776,2026-11-11,Carousel,280.0,13.0,16,0,566.0,39.0,88.0,40.0,22646,16095,24420,373,90,111
1777,2026-11-12,Reel,116.0,16.0,15,85,2346.0,235.0,215.0,147.0,22657,26958,33451,1462,292,362
1778,2026-11-13,Reel,55.0,13.0,15,36,2600.0,217.0,500.0,78.0,22667,30615,45844,902,71,194
1779,2026-11-14,Image,241.0,3.0,16,0,1021.0,39.0,178.0,101.0,22678,12228,17336,624,152,109
1780,2026-11-15,Carousel,165.0,5.0,13,0,946.0,48.0,156.0,113.0,22688,23871,31343,588,122,178
1781,2026-11-16,Carousel,263.0,8.0,20,0,1019.0,105.0,245.0,141.0,22699,26138,31709,1218,326,133
1782,2026-11-17,Reel,270.0,1.0,23,36,1398.0,142.0,272.0,163.0,22709,23414,31201,727,213,253
1783,2026-11-18,Image,31.0,14.0,17,0,702.0,35.0,104.0,44.0,22720,8955,12029,463,34,95
1784,2026-11-19,Reel,103.0,16.0,18,14,1847.0,112.0,442.0,180.0,22730,37008,53401,486,75,66
1785,2026-11-20,Image,136.0,15.0,22,0,749.0,61.0,153.0,107.0,22741,11162,14688,634,130,125
1786,2026-11-21,Reel,109.0,0.0,6,58,2380.0,252.0,537.0,228.0,22751,27230,43764,804,185,172
1787,2026-11-22,Reel,206.0,11.0,9,69,1298.0,64.0,209.0,169.0,22762,27394,35308,506,146,52
1788,2026-11-23,Reel,61.0,16.0,6,6,883.0,52.0,69.0,90.0,22772,23510,32369,942,178,220
1789,2026-11-24,Carousel,232.0,18.0,12,0,1020.0,94.0,118.0,139.0,22783,21781,32724,299,56,39
1790,2026-11-25,Image,123.0,6.0,12,0,879.0,62.0,87.0,115.0,22793,13432,22303,477,65,42
1791,2026-11-26,Reel,114.0,12.0,13,39,2324.0,153.0,568.0,360.0,22804,30992,48985,1387,194,174
1792,2026-11-27,Reel,101.0,6.0,12,40,2779.0,224.0,,437.0,22814,31492,46188,1128,249,288
1793,2026-11-28,Carousel,218.0,16.0,19,0,1234.0,55.0,96.0,133.0,22825,24883,33030,1089,292,374
1794,2026-11-29,Image,57.0,6.0,8,0,900.0,93.0,141.0,63.0,22835,11135,13629,548,77,171
1795,2026-11-30,Reel,151.0,17.0,11,73,1176.0,45.0,156.0,99.0,22846,26278,40060,1009,250,228
1796,2026-12-01,Image,254.0,5.0,18,0,1434.0,100.0,235.0,178.0,22856,16494,19569,539,32,83
1797,2026-12-02,Image,285.0,2.0,11,0,485.0,39.0,74.0,19.0,22867,10773,15876,324,25,81
1798,2026-12-03,Reel,39.0,15.0,9,24,1390.0,121.0,320.0,173.0,22877,22104,31878,722,87,214
1799,2026-12-04,Reel,130.0,20.0,20,88,3746.0,410.0,573.0,387.0,22888,40353,46669,1818,453,273
1800,2026-12-05,Image,149.0,11.0,7,0,719.0,49.0,107.0,62.0,22898,8740,12136,107,8,16
1801,2026-12-06,Image,294.0,5.0,12,0,1066.0,42.0,76.0,147.0,22909,15385,23280,668,52,173
1802,2026-12-07,Story,112.0,19.0,10,6,496.0,28.0,71.0,23.0,22919,6527,8101,85,19,29
1803,2026-12-08,Carousel,158.0,6.0,16,0,907.0,82.0,113.0,98.0,22930,16557,20722,674,193,125
1804,2026-12-09,Reel,87.0,19.0,13,28,1879.0,89.0,144.0,109.0,22940,28652,36729,599,85,185
1805,2026-12-10,Reel,12.0,10.0,7,53,,132.0,206.0,97.0,22951,22540,29753,867,127,87
1806,2026-12-11,Carousel,144.0,1.0,22,0,788.0,24.0,162.0,118.0,22961,14608,17402,354,65,100
1807,2026-12-12,Reel,24.0,20.0,14,47,1977.0,127.0,239.0,156.0,22972,33805,49047,1738,481,186
1808,2026-12-13,Image,55.0,6.0,9,0,430.0,39.0,78.0,67.0,22982,12088,19189,722,107,66
1809,2026-12-14,Carousel,267.0,0.0,23,0,696.0,41.0,167.0,98.0,22993,15165,17943,155,25,50
1810,2026-12-15,Reel,289.0,18.0,12,8,1871.0,96.0,212.0,152.0,23004,32461,45051,619,136,204
1811,2026-12-16,Reel,151.0,1.0,21,31,2836.0,137.0,542.0,218.0,23014,40406,68651,996,137,302
1812,2026-12-17,Carousel,54.0,16.0,14,0,1145.0,113.0,88.0,180.0,23025,22530,29453,606,54,86
1813,2026-12-18,Story,112.0,9.0,11,13,388.0,21.0,38.0,53.0,23035,4236,4878,206,18,21
1814,2026-12-19,Reel,158.0,0.0,23,73,939.0,89.0,105.0,113.0,23046,26565,41564,1360,220,393
1815,2026-12-20,Reel,217.0,6.0,6,40,2261.0,69.0,231.0,272.0,23056,26648,37979,1096,324,220
1816,2026-12-21,Story,30.0,9.0,11,12,526.0,23.0,78.0,63.0,23067,5880,7916,75,17,6
1817,2026-12-22,Carousel,137.0,1.0,15,0,1445.0,49.0,322.0,213.0,23077,19315,23621,689,82,66
1818,2026-12-23,Carousel,148.0,3.0,11,0,1263.0,41.0,305.0,201.0,23088,16225,24724,751,100,132
1819,2026-12-24,Reel,66.0,10.0,12,44,2295.0,232.0,222.0,147.0,23098,31272,49644,555,159,44
1820,2026-12-25,Carousel,35.0,15.0,17,0,593.0,31.0,44.0,43.0,23109,14739,22756,606,128,125
1821,2026-12-26,Story,33.0,1.0,17,7,172.0,17.0,24.0,10.0,23119,4040,5167,75,9,11
1822,2026-12-27,Reel,276.0,14.0,10,65,1678.0,150.0,196.0,130.0,23130,24303,39563,948,176,262
1823,2026-12-28,Carousel,155.0,15.0,11,0,571.0,24.0,64.0,41.0,23140,13311,21361,217,15,50
1824,2026-12-29,Carousel,46.0,5.0,10,0,657.0,49.0,134.0,63.0,23151,14451,19544,246,16,44
1825,2026-12-30,Reel,152.0,20.0,18,30,2063.0,91.0,502.0,305.0,23161,39968,63465,1228,365,223
1826,2026-12-31,Carousel,168.0,2.0,23,0,520.0,24.0,92.0,45.0,23172,14707,20933,553,142,72
1827,2027-01-01,Story,228.0,6.0,6,10,423.0,27.0,84.0,66.0,23182,7034,11722,419,111,77
1828,2027-01-02,Reel,164.0,19.0,13,17,2070.0,133.0,166.0,132.0,23193,32459,42963,870,109,109
1829,2027-01-03,Carousel,34.0,20.0,19,0,1772.0,113.0,212.0,147.0,23203,26860,45625,759,112,79
1830,2027-01-04,Carousel,106.0,5.0,6,0,444.0,19.0,71.0,21.0,23214,12702,16530,132,8,30
1831,2027-01-05,Story,138.0,7.0,17,12,277.0,26.0,48.0,10.0,23224,4757,7429,184,54,34
1832,2027-01-06,Reel,225.0,19.0,19,46,3216.0,180.0,743.0,370.0,23235,39544,53810,2183,118,207
1833,2027-01-07,Reel,181.0,3.0,9,58,983.0,75.0,231.0,48.0,23245,21751,29601,543,28,188
1834,2027-01-08,Image,283.0,5.0,8,0,862.0,41.0,149.0,122.0,23256,9259,11366,353,78,89
1835,2027-01-09,Image,104.0,2.0,12,0,976.0,68.0,61.0,53.0,23266,15473,24830,928,149,86
1836,2027-01-10,Reel,218.0,10.0,15,25,2657.0,181.0,336.0,83.0,23277,33183,55080,540,69,74
1837,2027-01-11,Carousel,51.0,7.0,14,0,928.0,43.0,212.0,111.0,23287,21160,26726,676,146,203
1838,2027-01-12,Carousel,255.0,12.0,20,0,1974.0,136.0,334.0,114.0,23298,22429,32490,247,20,60
1839,2027-01-13,Reel,51.0,17.0,22,78,1258.0,114.0,296.0,76.0,23308,24256,40581,1410,284,198
1840,2027-01-14,Reel,83.0,1.0,20,9,3227.0,170.0,418.0,383.0,23319,39847,65355,771,73,73
1841,2027-01-15,Story,223.0,4.0,17,8,254.0,22.0,41.0,8.0,23329,5484,8743,231,13,77
1842,2027-01-16,Reel,125.0,17.0,9,86,2145.0,231.0,389.0,113.0,23340,27793,46897,547,58,97
1843,2027-01-17,Image,213.0,8.0,16,0,712.0,46.0,126.0,98.0,23350,13300,16816,321,76,50
1844,2027-01-18,Reel,259.0,1.0,21,50,3459.0,187.0,554.0,281.0,23361,39913,56359,1520,238,474
1845,2027-01-19,Reel,144.0,0.0,15,23,2210.0,97.0,288.0,230.0,23371,33013,41638,853,89,74
1846,2027-01-20,Reel,35.0,14.0,15,77,2040.0,196.0,156.0,239.0,23382,28715,35756,1427,370,332
1847,2027-01-21,Story,29.0,7.0,12,14,661.0,23.0,119.0,94.0,23392,9789,13784,463,41,158
1848,2027-01-22,Reel,192.0,17.0,6,27,1961.0,155.0,406.0,274.0,23403,23970,39710,1315,361,246
1849,2027-01-23,Reel,45.0,2.0,21,29,3046.0,314.0,450.0,243.0,23413,46327,60075,2059,312,390
1850,2027-01-24,Image,101.0,14.0,9,0,867.0,80.0,52.0,120.0,23424,11128,13057,254,17,51
1851,2027-01-25,Image,160.0,8.0,22,0,376.0,18.0,61.0,31.0,23434,9929,14251,488,95,166
1852,2027-01-26,Reel,229.0,3.0,11,82,1569.0,103.0,379.0,144.0,23445,24255,35902,982,66,196
1853,2027-01-27,Image,292.0,0.0,16,0,734.0,79.0,93.0,44.0,23455,11281,16548,146,39,45
1854,2027-01-28,Reel,293.0,14.0,23,78,1325.0,39.0,249.0,49.0,23466,23593,29322,1034,219,188
1855,2027-01-29,Image,253.0,3.0,23,0,672.0,25.0,144.0,70.0,23476,11028,16070,650,105,88
1856,2027-01-30,Reel,247.0,10.0,8,49,859.0,62.0,71.0,108.0,23487,23265,36885,1022,184,344
1857,2027-01-31,Image,63.0,6.0,8,0,694.0,32.0,72.0,105.0,23497,8746,11700,440,28,42
1858,2027-02-01,Reel,193.0,4.0,16,41,1082.0,69.0,132.0,97.0,23508,25795,30913,391,91,62
1859,2027-02-02,Reel,92.0,8.0,12,32,2206.0,97.0,461.0,177.0,23518,27004,45129,1238,286,141
1860,2027-02-03,Reel,294.0,20.0,8,38,1583.0,107.0,152.0,126.0,23529,24616,39910,515,100,66
1861,2027-02-04,Story,235.0,11.0,12,6,617.0,63.0,71.0,63.0,23539,9477,11387,276,51,55
1862,2027-02-05,Image,236.0,17.0,21,0,1140.0,90.0,252.0,137.0,23550,20418,25339,740,202,112
1863,2027-02-06,Carousel,222.0,9.0,12,0,1754.0,114.0,250.0,227.0,23560,23271,26893,860,123,191
1864,2027-02-07,Story,201.0,1.0,14,9,414.0,32.0,98.0,38.0,23571,7782,9182,448,35,68
1865,2027-02-08,Carousel,225.0,9.0,13,0,1154.0,82.0,172.0,54.0,23581,21026,33617,982,172,266
1866,2027-02-09,Reel,32.0,7.0,19,50,2217.0,162.0,459.0,148.0,23592,39284,53270,447,119,40
1867,2027-02-10,Image,81.0,1.0,14,0,939.0,71.0,200.0,145.0,23602,15008,22653,194,53,17
1868,2027-02-11,Image,49.0,16.0,12,0,471.0,38.0,95.0,35.0,23613,11357,13193,394,118,81
1869,2027-02-12,Image,247.0,5.0,11,0,499.0,40.0,50.0,67.0,23623,11123,17383,569,28,64
1870,2027-02-13,Reel,142.0,11.0,10,76,1051.0,92.0,225.0,124.0,23634,24198,34745,412,109,87
1871,2027-02-14,Carousel,28.0,16.0,16,0,1460.0,96.0,240.0,91.0,23644,16677,28189,713,98,59
1872,2027-02-15,Reel,225.0,18.0,15,27,1971.0,181.0,470.0,,23655,31828,53406,1173,297,371
1873,2027-02-16,Reel,227.0,6.0,13,85,1497.0,86.0,166.0,132.0,23665,30242,46109,1208,161,204
1874,2027-02-17,Reel,66.0,16.0,7,24,1736.0,94.0,424.0,250.0,23676,27374,45902,387,94,35
1875,2027-02-18,Reel,66.0,10.0,10,37,2239.0,236.0,322.0,304.0,23686,26141,40779,925,142,127
1876,2027-02-19,Reel,104.0,3.0,23,42,1598.0,97.0,232.0,223.0,23697,24628,39950,917,245,111
1877,2027-02-20,Reel,31.0,3.0,13,17,2535.0,272.0,509.0,292.0,23707,33838,45422,1405,198,246
1878,2027-02-21,Image,242.0,4.0,21,0,1484.0,137.0,224.0,138.0,23718,19625,26473,452,104,38
1879,2027-02-22,Carousel,196.0,0.0,11,0,1206.0,107.0,,100.0,23728,16268,22887,886,52,133
1880,2027-02-23,Image,127.0,17.0,13,0,1436.0,154.0,138.0,221.0,23739,17028,27416,377,101,40
1881,2027-02-24,Reel,98.0,1.0,9,39,1746.0,163.0,367.0,94.0,23749,23718,29052,1185,256,125
1882,2027-02-25,Reel,171.0,2.0,20,71,2029.0,164.0,289.0,309.0,23760,38445,63336,1840,131,605
1883,2027-02-26,Reel,181.0,11.0,23,85,1970.0,189.0,289.0,140.0,23770,23539,39741,320,63,70
1884,2027-02-27,Image,275.0,18.0,15,0,763.0,81.0,166.0,120.0,23781,15075,20208,831,213,205
1885,2027-02-28,Image,278.0,1.0,7,0,904.0,57.0,166.0,100.0,23791,12320,17007,616,101,204
1886,2027-03-01,Carousel,239.0,,12,0,1587.0,49.0,314.0,77.0,23802,19043,22679,1133,323,395
1887,2027-03-02,Reel,290.0,15.0,13,8,1961.0,125.0,232.0,115.0,23812,30347,41181,1738,358,534
1888,2027-03-03,Story,144.0,20.0,14,7,616.0,66.0,89.0,45.0,23823,8002,10993,413,74,90
1889,2027-03-04,Image,52.0,8.0,10,0,751.0,42.0,160.0,108.0,23833,11580,19240,614,35,84
1890,2027-03-05,Image,113.0,20.0,22,0,458.0,43.0,88.0,47.0,23844,11137,13640,658,171,130
1891,2027-03-06,Carousel,123.0,1.0,18,0,1087.0,68.0,219.0,142.0,23854,29726,36902,1135,182,106
1892,2027-03-07,Image,205.0,4.0,19,0,1180.0,77.0,259.0,130.0,23865,19317,22486,247,53,76
1893,2027-03-08,Image,173.0,9.0,7,0,505.0,30.0,114.0,22.0,23875,9014,11913,429,25,118
1894,2027-03-09,Reel,93.0,3.0,8,29,1375.0,57.0,276.0,150.0,23886,24439,29712,1419,295,293
1895,2027-03-10,Reel,240.0,6.0,15,54,2257.0,193.0,279.0,177.0,23896,31203,48526,1554,241,256
1896,2027-03-11,Image,243.0,10.0,7,0,785.0,76.0,129.0,54.0,23907,11755,16485,472,36,81
1897,2027-03-12,Carousel,259.0,8.0,11,0,1073.0,91.0,223.0,122.0,23917,15104,20884,829,162,162
1898,2027-03-13,Reel,188.0,8.0,11,24,1775.0,66.0,349.0,96.0,23928,25356,37849,425,52,35
1899,2027-03-14,Carousel,90.0,11.0,9,0,786.0,62.0,131.0,99.0,23938,16185,22674,604,134,65
1900,2027-03-15,Image,83.0,18.0,10,0,1140.0,43.0,239.0,156.0,23949,13497,17520,239,28,67
1901,2027-03-16,Story,177.0,11.0,13,15,598.0,46.0,56.0,77.0,23959,8562,10852,163,10,45
1902,2027-03-17,Reel,118.0,2.0,19,68,3918.0,327.0,972.0,624.0,23970,41842,70910,1619,241,358
1903,2027-03-18,Image,40.0,18.0,6,0,838.0,87.0,159.0,131.0,23980,9998,12421,300,40,90
1904,2027-03-19,Reel,154.0,3.0,18,35,2613.0,150.0,601.0,334.0,23991,38348,60724,899,151,257
1905,2027-03-20,Story,117.0,6.0,11,4,708.0,43.0,166.0,21.0,24002,9595,15810,251,59,81
1906,2027-03-21,Image,207.0,9.0,21,0,867.0,78.0,109.0,135.0,24012,19209,29907,951,228,120
1907,2027-03-22,Reel,271.0,3.0,17,89,1339.0,95.0,265.0,52.0,24023,21863,36358,240,25,81
1908,2027-03-23,Reel,179.0,13.0,11,88,968.0,85.0,176.0,126.0,24033,25856,33175,588,56,164
1909,2027-03-24,Reel,218.0,20.0,14,72,2426.0,213.0,269.0,81.0,24044,31224,43092,799,127,65
1910,2027-03-25,Image,195.0,9.0,18,0,868.0,86.0,215.0,69.0,24054,18405,29324,306,45,99
1911,2027-03-26,Reel,96.0,14.0,8,52,1718.0,159.0,252.0,270.0,24065,20258,32864,1160,76,117
1912,2027-03-27,Image,145.0,11.0,8,0,991.0,103.0,246.0,114.0,24075,11440,13679,679,86,104
1913,2027-03-28,Carousel,271.0,17.0,23,0,1506.0,160.0,124.0,222.0,24086,17706,20871,736,187,71
1914,2027-03-29,Image,101.0,19.0,11,0,1225.0,77.0,125.0,77.0,24096,13119,21333,618,168,79
1915,2027-03-30,Reel,277.0,13.0,23,30,1382.0,146.0,233.0,74.0,24107,24899,39486,490,133,150
1916,2027-03-31,Carousel,216.0,14.0,23,0,808.0,53.0,103.0,103.0,24117,18962,28535,351,70,44
1917,2027-04-01,Image,272.0,18.0,21,0,1044.0,68.0,163.0,128.0,24128,14554,24327,635,69,177
1918,2027-04-02,Reel,23.0,6.0,8,89,1994.0,75.0,214.0,107.0,24138,22798,32393,1112,188,141
1919,2027-04-03,Reel,255.0,0.0,14,5,3035.0,163.0,534.0,94.0,24149,35585,45014,725,198,231
1920,2027-04-04,Reel,76.0,0.0,10,63,2072.0,106.0,415.0,321.0,24159,27316,34271,1428,365,440
1921,2027-04-05,Reel,30.0,1.0,9,37,1668.0,125.0,181.0,53.0,24170,24020,37265,959,260,273
1922,2027-04-06,Reel,53.0,19.0,19,48,3507.0,309.0,827.0,223.0,24180,44234,55055,663,164,131
1923,2027-04-07,Reel,191.0,14.0,17,61,1592.0,59.0,306.0,166.0,24191,23367,28781,666,196,207
1924,2027-04-08,Reel,201.0,14.0,17,11,1130.0,73.0,214.0,48.0,24201,25296,30236,426,106,137
1925,2027-04-09,Reel,72.0,8.0,15,72,3144.0,160.0,206.0,495.0,24212,33538,49547,938,93,240
1926,2027-04-10,Story,145.0,4.0,13,10,813.0,59.0,155.0,109.0,24222,10490,14547,572,93,177
1927,2027-04-11,Image,106.0,8.0,23,0,928.0,39.0,129.0,69.0,24233,11967,16094,690,77,204
1928,2027-04-12,Image,240.0,7.0,16,0,1239.0,57.0,250.0,52.0,24243,13604,16713,609,121,178
1929,2027-04-13,Image,51.0,0.0,6,0,742.0,31.0,63.0,91.0,24254,10035,16511,279,44,69
1930,2027-04-14,Image,274.0,4.0,20,0,1783.0,195.0,382.0,75.0,24264,20324,28716,1090,323,252
1931,2027-04-15,Carousel,149.0,3.0,11,0,1190.0,60.0,148.0,66.0,24275,17465,22899,1016,103,270
1932,2027-04-16,Carousel,79.0,9.0,17,0,1374.0,119.0,100.0,197.0,24285,18559,23821,831,136,162
1933,2027-04-17,Reel,246.0,13.0,9,55,2021.0,138.0,365.0,69.0,24296,24681,38165,1174,295,363
1934,2027-04-18,Reel,253.0,5.0,11,72,2209.0,83.0,174.0,129.0,24306,25235,40014,873,175,74
1935,2027-04-19,Reel,129.0,3.0,16,64,2053.0,198.0,300.0,154.0,24317,24688,32354,1440,96,118
1936,2027-04-20,Reel,214.0,7.0,18,53,3023.0,299.0,696.0,477.0,24327,40769,51226,532,65,67
1937,2027-04-21,Image,287.0,16.0,19,0,1181.0,72.0,274.0,69.0,24338,16549,25756,635,76,70
1938,2027-04-22,Image,235.0,8.0,18,0,1593.0,57.0,200.0,111.0,24348,21291,34532,932,113,219
1939,2027-04-23,Carousel,11.0,1.0,16,0,985.0,102.0,179.0,42.0,24359,16185,19830,173,44,50
1940,2027-04-24,Carousel,74.0,3.0,19,0,2653.0,112.0,568.0,381.0,24369,29808,44927,311,33,39
1941,2027-04-25,Reel,272.0,1.0,7,81,1306.0,72.0,161.0,98.0,24380,27668,42533,1432,371,441
1942,2027-04-26,Reel,48.0,0.0,19,60,2579.0,206.0,478.0,114.0,24390,40585,47543,1326,330,174
1943,2027-04-27,Carousel,274.0,17.0,18,0,1814.0,161.0,326.0,101.0,24401,26554,30921,1189,143,103
1944,2027-04-28,Reel,242.0,14.0,19,43,2511.0,203.0,395.0,250.0,24411,41078,60349,916,178,258
1945,2027-04-29,Image,148.0,16.0,17,0,916.0,85.0,137.0,124.0,24422,10547,15354,268,61,87
1946,2027-04-30,Story,173.0,1.0,10,5,222.0,17.0,39.0,32.0,24432,4625,7831,132,10,41
1947,2027-05-01,Reel,83.0,2.0,20,12,3186.0,317.0,651.0,232.0,24443,42429,52946,1356,397,463
1948,2027-05-02,Reel,22.0,16.0,14,88,1575.0,105.0,325.0,54.0,24453,34074,48628,781,84,189
1949,2027-05-03,Image,124.0,20.0,14,0,753.0,69.0,45.0,47.0,24464,16558,19315,700,130,223
1950,2027-05-04,Carousel,188.0,7.0,9,0,1221.0,92.0,255.0,109.0,24474,17356,23674,1024,182,133
1951,2027-05-05,Carousel,87.0,8.0,12,0,1309.0,130.0,259.0,135.0,24485,19875,31999,928,201,183
1952,2027-05-06,Carousel,92.0,7.0,20,0,2208.0,212.0,156.0,238.0,24495,28367,34793,1034,82,187
1953,2027-05-07,Reel,217.0,1.0,19,34,1963.0,94.0,468.0,261.0,24506,42822,71112,1686,351,560
1954,2027-05-08,Story,262.0,17.0,7,14,304.0,13.0,31.0,33.0,24516,8455,10987,351,104,38
1955,2027-05-09,Reel,93.0,,21,19,3418.0,147.0,273.0,232.0,24527,45874,57047,785,162,117
1956,2027-05-10,Reel,177.0,15.0,15,83,1542.0,67.0,357.0,81.0,24537,34890,56479,921,134,238
1957,2027-05-11,Carousel,69.0,1.0,22,0,1546.0,88.0,334.0,244.0,24548,18014,28906,697,164,84
1958,2027-05-12,Story,125.0,7.0,16,14,355.0,14.0,76.0,34.0,24558,5556,7815,113,30,34
1959,2027-05-13,Story,161.0,1.0,12,13,792.0,66.0,136.0,106.0,24569,9187,13900,292,65,45
1960,2027-05-14,Image,23.0,1.0,10,0,700.0,63.0,118.0,44.0,24579,10455,16641,357,105,50
1961,2027-05-15,Story,27.0,12.0,18,3,413.0,33.0,94.0,48.0,24590,11212,17511,255,30,25
1962,2027-05-16,Reel,36.0,9.0,10,62,2005.0,164.0,191.0,165.0,24600,27613,36655,584,159,105
1963,2027-05-17,Carousel,180.0,12.0,17,0,963.0,35.0,112.0,89.0,24611,18418,24914,1056,246,337
1964,2027-05-18,Story,52.0,4.0,18,7,815.0,58.0,133.0,31.0,24621,10703,15218,297,78,50
1965,2027-05-19,Carousel,251.0,2.0,21,0,1842.0,115.0,409.0,248.0,24632,26030,32994,261,26,74
1966,2027-05-20,Reel,228.0,5.0,9,44,1511.0,64.0,241.0,98.0,24642,24013,32872,1050,282,300
1967,2027-05-21,Reel,204.0,12.0,13,46,3020.0,230.0,748.0,431.0,24653,32894,44306,682,47,227
1968,2027-05-22,Carousel,134.0,9.0,10,0,1032.0,99.0,193.0,72.0,24663,19253,31024,323,90,37
1969,2027-05-23,Reel,28.0,11.0,23,48,2296.0,245.0,266.0,273.0,24674,26249,37958,1328,105,275
1970,2027-05-24,Image,275.0,17.0,22,0,1088.0,109.0,138.0,129.0,24684,11824,18294,523,91,161
1971,2027-05-25,Reel,93.0,18.0,7,46,2418.0,208.0,366.0,318.0,24695,26613,38563,419,79,115
1972,2027-05-26,Story,85.0,4.0,21,6,734.0,53.0,98.0,60.0,24705,10035,14655,209,40,47
1973,2027-05-27,Reel,72.0,10.0,7,34,1502.0,59.0,300.0,50.0,24716,25890,30378,768,209,87
1974,2027-05-28,Reel,150.0,5.0,23,19,1901.0,161.0,229.0,303.0,24726,24708,33823,1126,284,292
1975,2027-05-29,Reel,60.0,16.0,7,7,2493.0,248.0,284.0,90.0,24737,27794,34958,1306,242,354
1976,2027-05-30,Image,72.0,15.0,10,0,833.0,34.0,59.0,109.0,24747,11700,15336,337,93,115
1977,2027-05-31,Reel,15.0,8.0,8,73,2110.0,207.0,397.0,291.0,24758,24162,31020,1356,312,309
1978,2027-06-01,Reel,170.0,15.0,10,45,1355.0,,186.0,208.0,24768,24933,31320,1014,84,175
1979,2027-06-02,Reel,259.0,6.0,8,21,1377.0,53.0,268.0,49.0,24779,23581,31340,697,154,132
1980,2027-06-03,Reel,115.0,4.0,18,27,3426.0,218.0,551.0,219.0,24789,44303,70561,1022,116,108
1981,2027-06-04,Story,140.0,14.0,14,8,626.0,66.0,127.0,61.0,24800,6772,9535,169,22,48
1982,2027-06-05,Story,284.0,4.0,21,14,494.0,15.0,89.0,22.0,24810,12742,17791,327,76,112
1983,2027-06-06,Reel,195.0,5.0,23,27,1821.0,94.0,269.0,285.0,24821,22280,29790,389,72,44
1984,2027-06-07,Image,77.0,19.0,8,0,814.0,61.0,167.0,24.0,24831,10300,14272,273,28,66
1985,2027-06-08,Image,208.0,12.0,16,0,616.0,61.0,139.0,33.0,24842,10977,16086,635,98,143
1986,2027-06-09,Reel,253.0,9.0,18,6,2427.0,98.0,592.0,246.0,24852,42059,49798,2042,209,709
1987,2027-06-10,Carousel,250.0,9.0,22,0,470.0,25.0,61.0,31.0,24863,12981,19586,165,36,32
1988,2027-06-11,Image,184.0,11.0,21,0,800.0,57.0,64.0,44.0,24873,20109,32856,1054,113,225
1989,2027-06-12,Reel,267.0,1.0,11,89,1962.0,128.0,321.0,258.0,24884,27413,44635,1615,344,427
1990,2027-06-13,Reel,185.0,13.0,12,5,2373.0,71.0,159.0,305.0,24894,34238,39430,1132,262,286
1991,2027-06-14,Image,137.0,4.0,20,0,704.0,42.0,88.0,105.0,24905,19822,26039,962,264,332
1992,2027-06-15,Image,164.0,4.0,20,0,1868.0,148.0,275.0,231.0,24915,20339,25057,802,202,152
1993,2027-06-16,Reel,176.0,5.0,12,86,2089.0,216.0,381.0,138.0,24926,33136,44793,1695,131,493
1994,2027-06-17,Reel,45.0,3.0,9,37,1329.0,96.0,92.0,94.0,24936,25667,30691,329,43,61
1995,2027-06-18,Reel,215.0,10.0,8,78,1707.0,173.0,272.0,270.0,24947,25594,31933,668,160,223
1996,2027-06-19,Reel,195.0,11.0,9,16,2351.0,98.0,194.0,97.0,24957,27772,31961,1081,316,179
1997,2027-06-20,Carousel,195.0,17.0,14,0,1132.0,57.0,222.0,127.0,24968,23289,35411,1289,119,170
1998,2027-06-21,Reel,123.0,20.0,20,33,1858.0,112.0,279.0,147.0,24978,42837,67724,478,93,127
1999,2027-06-22,Reel,251.0,10.0,22,23,1344.0,84.0,145.0,189.0,24989,24112,32851,973,79,170
2000,2027-06-23,Story,159.0,4.0,14,3,579.0,53.0,46.0,66.0,25000,7814,11078,364,87,43
1180,2025-03-25,Reel,249.0,5.0,12,10,1029.0,46.0,212.0,58.0,16385,21023,28743,598,88,82
1262,2025-06-15,Carousel,133.0,18.0,20,0,1204.0,50.0,172.0,188.0,17247,19821,25895,428,72,134
1284,2025-07-07,Image,114.0,4.0,22,0,375.0,33.0,77.0,24.0,17478,8999,14661,508,65,56
605,2023-08-28,Image,234.0,20.0,9,0,386.0,40.0,66.0,44.0,10345,4810,6831,67,10,17
1159,2025-03-04,Reel,227.0,14.0,19,14,2363.0,148.0,473.0,287.0,16165,25862,32006,267,23,49
746,2024-01-16,Reel,162.0,10.0,13,43,760.0,61.0,71.0,62.0,11826,16765,22975,406,56,119
1657,2026-07-15,Carousel,118.0,13.0,20,0,1320.0,129.0,292.0,181.0,21396,25108,33131,325,88,96
61,2022-03-02,Image,36.0,5.0,12,0,282.0,24.0,38.0,23.0,4630,3722,6078,212,28,19
27,2022-01-27,Reel,53.0,14.0,8,55,447.0,30.0,79.0,19.0,4273,5283,7406,127,10,22
993,2024-09-19,Reel,213.0,5.0,16,8,1181.0,79.0,201.0,184.0,14421,14746,23928,390,39,91
